code,prefix,database,value,description,description_da,description_da_alt,description_da_full,description_en,description_en_official,description_en_official_source,description_en_source,source,confidence,language,parent_code,hierarchy_level
DEM_familie_type_9,DEM,familie,type_9,Enlig,Enlig,,,Single,,,dst_times_familie_type,none|generated,high,danish,,
DEM_familie_type_3,DEM,familie,type_3,Samlevende par,Samlevende par,,,Cohabiting couple (with common children),,,dst_times_familie_type,none|generated,high,danish,,
DEM_familie_type_1,DEM,familie,type_1,Ægtepar,Ægtepar,,,Married couple,,,dst_times_familie_type,none|generated,high,danish,,
DEM_familie_type_7,DEM,familie,type_7,"Ægtepar, forskelligt køn","Ægtepar, forskelligt køn",,,"Married couple, different sex",,,dst_times_familie_type,none|generated,high,danish,,
DEM_familie_type_4,DEM,familie,type_4,Samboende par,Samboende par,,,Common-law couple (without common children),,,dst_times_familie_type,none|generated,high,danish,,
DEM_familie_type_5,DEM,familie,type_5,Enlig (herunder også ikke hjemmeboende børn),Enlig (herunder også ikke hjemmeboende børn),,,Single person (including non-resident children),,,dst_times_familie_type,none|generated,high,danish,,
DEM_familie_type_2,DEM,familie,type_2,Registreret partnerskab,Registreret partnerskab,,,Registered partnership,,,dst_times_familie_type,none|generated,high,danish,,
DEM_familie_type_8,DEM,familie,type_8,"Ægtepar, samme køn","Ægtepar, samme køn",,,"Married couple, same sex",,,dst_times_familie_type,none|generated,high,danish,,
DEM_familie_type_10,DEM,familie,type_10,Ikke hjemmeboende børn,Ikke hjemmeboende børn,,,Non-resident children,,,dst_times_familie_type,none|generated,high,danish,,
