code,prefix,database,value,description,description_da,description_da_alt,description_da_full,description_en,description_en_official,description_en_official_source,description_en_source,source,confidence,language,parent_code,hierarchy_level,n_occurrences,n_people,pct_people,program_group,is_primary_code
SOC_haendelse_0,SOC,haendelse,0,Iværksættelse af anbringelse,Iværksættelse af anbringelse,,,Implementation of placement,,,dst_times_haendelse,CSV:SOC_haendelse_from_raw,high,danish,,,,,,,
SOC_haendelse_5,SOC,haendelse,5,Hjemgivelse/ophør af anbringelse,Hjemgivelse/ophør af anbringelse,,,Return home / discontinuation of placement,,,dst_times_haendelse,CSV:SOC_haendelse_from_raw,high,danish,,,,,,,
SOC_haendelse_1,SOC,haendelse,1,Iværksættelse af ændret anbringelsessted,Iværksættelse af ændret anbringelsessted,,,Implementation of a changed placement location,,,dst_times_haendelse,CSV:SOC_haendelse_from_raw,high,danish,,,,,,,
SOC_haendelse_7,SOC,haendelse,7,Iværksættelse/genetablering af efterværn med døgnophold i anbringelsessted,Iværksættelse/genetablering af efterværn med døgnophold i anbringelsessted,,,Initiation/re-establishment of aftercare with 24-hour stay at the placement,,,dst_times_haendelse,CSV:SOC_haendelse_from_raw,high,danish,,,,,,,
SOC_haendelse_0.2,SOC,haendelse,0.2,Decision on placement,Decision on placement,,,Decision on placement,,,copy-of-da,CSV:SOC_haendelse_from_raw,medium,danish,,,55333,46362,0.005135,,
SOC_haendelse_7.5,SOC,haendelse,7.5,"Case creation, placement transferred from other municipality of action","Case creation, placement transferred from other municipality of action",,,"Case creation, placement transferred from other municipality of action",,,copy-of-da,CSV:SOC_haendelse_from_raw,medium,danish,,,3717,3434,0.00038,,
SOC_haendelse_5.5,SOC,haendelse,5.5,"Termination of proceedings, placement transferred to another municipality of action","Termination of proceedings, placement transferred to another municipality of action",,,"Termination of proceedings, placement transferred to another municipality of action",,,copy-of-da,CSV:SOC_haendelse_from_raw,medium,danish,,,4982,4422,0.00049,,
SOC_haendelse_2,SOC,haendelse,2,Ændring af tvangsanbringelse til frivillig anbringelse,Ændring af tvangsanbringelse til frivillig anbringelse,,,Change from involuntary to voluntary placement,,,dst_times_haendelse,CSV:SOC_haendelse_from_raw,high,danish,,,,,,,
SOC_haendelse_1.1,SOC,haendelse,1.1,Re-categorization foster families in 2019-2020,Re-categorization foster families in 2019-2020,,,Re-categorization foster families in 2019-2020,,,copy-of-da,CSV:SOC_haendelse_from_raw,medium,danish,,,4528,4528,0.000502,,
