value	old_description_da	new_description_da	description_en	translation_source
10201020	Grundskole 7.-9. klasse (compound: 10201020)	Grundskole 7.-9. årgang	Grades 7-9 (lower secondary school)	fable-5
10301020	Grundskole 10. klasse (compound: 10301020)	Grundskole 10. årgang	Grade 10 (lower secondary school)	fable-5
30551510	Teknologiområdet, maskinteknik og produktion (TBT) (compound: 30551510)	Industriteknikeruddannelsen	Engineering education for industry	reused-master
50583010	Teknisk, MVU (compound: 50583010)	Maskinmester, MVU	Marine engineer (maskinmester), MVU	fable-5
29151010	Kontor, handel og forretningsservice (KHF), grundforløb (compound: 29151010)	Det merkantile område, grundforløb	The mercantile field, basic course	fable-5
30152510	Kontor, handel og forretningsservice (KHF) (compound: 30152510)	Detailhandelsuddannelse	Retail trade programme	fable-5
20101020	Alment gymnasiale uddannelser (compound: 20101020)	Matematisk gymnasium	Mathematical upper-secondary school	reused-master
70902510	Sundhedsvidenskab, LVU (compound: 70902510)	Farmaci og lægemiddelvidenskab, LVU	Pharmacy and pharmaceutical sciences, LVU	fable-5
80905010	Sundhedsvidenskab, Ph.d. (compound: 80905010)	Medicin, Ph.d.	Medicine, Ph.d.	fable-5
30651515	Transport og logistikområdet (TBT) (compound: 30651515)	Lager- og terminaluddannelser	Warehouse and terminal programmes	fable-5
35301010	Grundskole til og med 6. klasse (compound: 35301010)	Adgangsgivende værkstedsskoleforløb	Qualifying workshop school programme	fable-5
50591010	Teknisk videnskab, MVU (compound: 50591010)	Teknisk videnskab uden nærmere angivelse, MVU	Engineering science, not further specified, MVU	fable-5
50582020	Teknisk, MVU (compound: 50582020)	Elektronik i øvrigt, teknisk, MVU	Other electronics, technical, MVU	fable-5
29251020	Teknologi, byggeri og transport (TBT), grundforløb (compound: 29251020)	Håndværk og teknik, grundforløb	Crafts and technology, basic course	fable-5
30403510	Teknologiområdet, strøm og elektronik mv. (TBT) (compound: 30403510)	Elektronik- og svagstrømsuddannelsen	Electronics and Weak Current Training	reused-master
29251030	Teknologi, byggeri og transport (TBT), grundforløb (compound: 29251030)	Mekanik, transport og logistik, grundforløb	Mechanics, transport and logistics, basic course	fable-5
30653515	Transport og logistikområdet (TBT) (compound: 30653515)	Chauffør mv., vejgodstransport	Driver etc., road freight transport	fable-5
20102010	Alment gymnasiale uddannelser (compound: 20102010)	Hf 2-årig	HF two-year	fable-5
50202010	Pædagogisk, MVU (compound: 50202010)	Folkeskolelærer, MVU	Primary and lower secondary school teacher, MVU	fable-5
30101510	Omsorg, sundhed og pædagogik (OSP) (compound: 30101510)	Pædagogisk assistentuddannelse	Pedagogical assistant programme	fable-5
30204510	Fødevarer mv. (FJO) (compound: 30204510)	Receptionist	Receptionist	reused-master
29251040	Teknologi, byggeri og transport (TBT), grundforløb (compound: 29251040)	Service, grundforløb	Service, basic course	fable-5
30151510	Kontor, handel og forretningsservice (KHF) (compound: 30151510)	Kontoruddannelse, generel og med speciale	Office programme, general and specialised	fable-5
20203010	Erhvervsrettede gymnasiale uddannelser (compound: 20203010)	Hhx 3-årig	HHX three-year	fable-5
20101030	Alment gymnasiale uddannelser (compound: 20101030)	Sproglig gymnasium	Upper-secondary school (language stream)	reused-master
50589530	Teknisk, MVU (compound: 50589530)	Teknisk i øvrigt, MVU	Other technical, MVU	fable-5
15203010	Introducerende og erhvervsrettede forløb (compound: 15203010)	Tf-kurser mv.	TF courses etc.	fable-5
30152010	Kontor, handel og forretningsservice (KHF) (compound: 30152010)	Finansuddannelse	Finance programme	fable-5
40751710	Fødevarer, bio- og laboratorieteknik, KVU (compound: 40751710)	Laborant, KVU	Laboratory technician, KVU	fable-5
30103510	Omsorg, sundhed og pædagogik (OSP) (compound: 30103510)	Sundhed, omsorg og pædagogik i øvrigt	Other health, care and pedagogy	fable-5
30552010	Teknologiområdet, maskinteknik og produktion (TBT) (compound: 30552010)	Industrioperatør	Industrial Operator	reused-master
30502510	Teknologiområdet, cykel-, auto- og skibsmekanik mv. (TBT) (compound: 30502510)	Vognmaler	Vehicle painter	fable-5
50593510	Teknisk videnskab, MVU (compound: 50593510)	Elektronik i øvrigt, teknisk videnskab, MVU	Other electronics, engineering science, MVU	fable-5
20201010	Erhvervsrettede gymnasiale uddannelser (compound: 20201010)	Hhx 1-årig	HHX one-year	fable-5
30153010	Kontor, handel og forretningsservice (KHF) (compound: 30153010)	Handelsuddannelse	Commercial trade programme	fable-5
50201510	Pædagogisk, MVU (compound: 50201510)	Pædagog, MVU	Educator (pædagog), MVU	fable-5
30253510	Jordbrug og natur (FJO) (compound: 30253510)	Veterinærsygepleje	Veterinary Nursing	reused-master
70259710	Humanistisk og teologisk, LVU (compound: 70259710)	Teologi, LVU	Theology, LVU	fable-5
50384010	Samfundsfaglig, Økonomisk-Merkantil, MVU (compound: 50384010)	Socialrådgivning og -formidling mv., MVU	Social counselling and dissemination etc., MVU	fable-5
29201010	Fødevarer, jordbrug og oplevelser (FJO), grundforløb (compound: 29201010)	Fra jord til bord, grundforløb	From farm to table, basic course	fable-5
30352010	Byggeriområdet (TBT) (compound: 30352010)	Bygningsmaler	Building painter	reused-master
30553525	Teknologiområdet, maskinteknik og produktion (TBT) (compound: 30553525)	Smed	Smith	reused-master
30251010	Jordbrug og natur (FJO) (compound: 30251010)	Landbrugsuddannelse	Agricultural programme	fable-5
30402510	Teknologiområdet, strøm og elektronik mv. (TBT) (compound: 30402510)	Elektriker	Electrician	reused-master
40582415	Teknisk, KVU (compound: 40582415)	Installatør af stærkstrømsteknik, KVU	Electrical (high-voltage) installer, KVU	fable-5
60396510	Samfundsvidenskab, BACH (compound: 60396510)	Erhvervsøkonomi, HA, BACH	Business economics, HA, BACH	fable-5
30901510	Andre erhvervsfaglige uddannelser (compound: 30901510)	Maritime uddannelser	Maritime programmes	fable-5
29101010	Omsorg, sundhed og pædagogik (OSP), grundforløb (compound: 29101010)	Sundhed, omsorg og pædagogik, grundforløb	Health, care and pedagogy, basic course	fable-5
30203510	Fødevarer mv. (FJO) (compound: 30203510)	Gastronomuddannelse	Gastronome (chef) programme	fable-5
20103030	Alment gymnasiale uddannelser (compound: 20103030)	Sproglig studenterkursus	Language-oriented student course	reused-master
30102015	Omsorg, sundhed og pædagogik (OSP) (compound: 30102015)	Social- og sundhedshjælper	Social and Health Care Assistant	reused-master
40382510	Samfundsfaglig, Økonomisk-Merkantil, KVU (compound: 40382510)	Handels- og markedsføringsøkonom mv., KVU	Trade and marketing economist etc., KVU	fable-5
50202515	Pædagogisk, MVU (compound: 50202515)	Andre pædagogiske uddannelser, MVU	Other pedagogical programmes, MVU	fable-5
30251520	Jordbrug og natur (FJO) (compound: 30251520)	Væksthusgartner	Greenhouse Gardener	reused-master
30501010	Teknologiområdet, cykel-, auto- og skibsmekanik mv. (TBT) (compound: 30501010)	Cykel-, auto- og skibsmekanikere uden nærmere angivelse	Bicycle, car and ship mechanics, not further specified	fable-5
70355015	Naturvidenskab, LVU (compound: 70355015)	Matematik og økonomi, LVU	Mathematics and economics, LVU	fable-5
50581010	Teknisk, MVU (compound: 50581010)	Teknisk uden nærmere angivelse, MVU	Technical, not further specified, MVU	fable-5
50583015	Teknisk, MVU (compound: 50583015)	Maskinteknisk i øvrigt, MVU	Other mechanical engineering, MVU	fable-5
70393010	Samfundsvidenskab, LVU (compound: 70393010)	Jura, LVU	Law, LVU	fable-5
80393510	Samfundsvidenskab, Ph.d. (compound: 80393510)	Statskundskab, Ph.d.	Political science, Ph.d.	fable-5
40581515	Teknisk, KVU (compound: 40581515)	Byggeri- og anlægsteknik i øvrigt, KVU	Other building and civil engineering, KVU	fable-5
50581510	Teknisk, MVU (compound: 50581510)	Bygningskonstruktør, MVU	Constructing architect, MVU	fable-5
70301510	Kunstnerisk, LVU (compound: 70301510)	Arkitektur, LVU	Architecture, LVU	fable-5
29251050	Teknologi, byggeri og transport (TBT), grundforløb (compound: 29251050)	Teknologi og kommunikation, grundforløb	Technology and communication, basic course	fable-5
40383010	Samfundsfaglig, Økonomisk-Merkantil, KVU (compound: 40383010)	Serviceøkonom mv., KVU	Service economist etc., KVU	fable-5
70395010	Samfundsvidenskab, LVU (compound: 70395010)	Økonomi, LVU	Economics, LVU	fable-5
30351510	Byggeriområdet (TBT) (compound: 30351510)	Brolægger og struktør mv.	Paver and structural worker etc.	fable-5
30201510	Fødevarer mv. (FJO) (compound: 30201510)	Detailslagter	Retail butcher	fable-5
30355510	Byggeriområdet (TBT) (compound: 30355510)	Boligmontering og møbelpolstring mv.	Home furnishing and furniture upholstery etc.	fable-5
40751510	Fødevarer, bio- og laboratorieteknik, KVU (compound: 40751510)	Laboratorie-, fødevare- og procesteknologi, KVU	Laboratory, food and process technology, KVU	fable-5
50752010	Fødevarer, Bio- og laboratorieteknik, MVU (compound: 50752010)	Ernæring og sundhed, MVU	Nutrition and health, MVU	fable-5
20204010	Erhvervsrettede gymnasiale uddannelser (compound: 20204010)	Htx	HTX (higher technical examination)	reused-master
40582015	Teknisk, KVU (compound: 40582015)	It-uddannelser, KVU	IT programmes, KVU	fable-5
30251020	Jordbrug og natur (FJO) (compound: 30251020)	Landmand, efteruddannelse	Farmer, further education	reused-master
50891510	Sundhedsfaglig, MVU (compound: 50891510)	Ergo- og fysioterapeut, MVU	Occupational therapist and physiotherapist, MVU	fable-5
70592510	Teknisk videnskab, LVU (compound: 70592510)	Bygnings- og anlægsteknik, LVU	Building and civil engineering, LVU	fable-5
70391510	Samfundsvidenskab, LVU (compound: 70391510)	Administration, forvaltning og ledelse, LVU	Administration, public governance and management, LVU	fable-5
29251015	Teknologi, byggeri og transport (TBT), grundforløb (compound: 29251015)	Bygge og anlæg, grundforløb	Building and construction, basic course	fable-5
35201010	Adgangseksamen - videregående uddannelse (compound: 35201010)	Adgangseksamen - videregående uddannelse	Entrance examination for higher education	fable-5
50582510	Teknisk, MVU (compound: 50582510)	Energi- og stærkstrømsteknisk, MVU	Energy and high-voltage engineering, MVU	fable-5
50893510	Sundhedsfaglig, MVU (compound: 50893510)	Sygepleje og sundhedspleje, MVU	Nursing and health visiting, MVU	fable-5
30354010	Byggeriområdet (TBT) (compound: 30354010)	Tømrer mv.	Carpenter etc.	fable-5
70591010	Teknisk videnskab, LVU (compound: 70591010)	Teknisk videnskab uden nærmere angivelse, LVU	Engineering science, not further specified, LVU	fable-5
70351710	Naturvidenskab, LVU (compound: 70351710)	Biologi, LVU	Biology, LVU	fable-5
30154510	Kontor, handel og forretningsservice (KHF) (compound: 30154510)	Merkantile uddannelser i øvrigt	Other mercantile programmes	fable-5
70396010	Samfundsvidenskab, LVU (compound: 70396010)	Erhvervsøkonomi, cand.merc., LVU	Business economics, cand.merc., LVU	fable-5
30502010	Teknologiområdet, cykel-, auto- og skibsmekanik mv. (TBT) (compound: 30502010)	Karosseriuddannelse	Vehicle body programme	fable-5
29251045	Teknologi, byggeri og transport (TBT), grundforløb (compound: 29251045)	Strøm, styring og it, grundforløb	Electricity, control systems and IT, basic course	fable-5
30403020	Teknologiområdet, strøm og elektronik mv. (TBT) (compound: 30403020)	Procesoperatør	Process operator	reused-master
70351010	Naturvidenskab, LVU (compound: 70351010)	Naturvidenskab uden nærmere angivelse, LVU	Natural sciences, not further specified, LVU	fable-5
70356010	Naturvidenskab, LVU (compound: 70356010)	Datalogi og datahåndtering, LVU	Computer science and data management, LVU	fable-5
50258015	Humanistisk og teologisk, MVU (compound: 50258015)	Flere erhvervssprog, korrespondent, MVU	Several business languages, correspondent, MVU	fable-5
70252710	Humanistisk og teologisk, LVU (compound: 70252710)	Litteraturvidenskab, LVU	Comparative literature, LVU	fable-5
30203010	Fødevarer mv. (FJO) (compound: 30203010)	Ernæringsassistenter	Nutrition assistants	fable-5
30354510	Byggeriområdet (TBT) (compound: 30354510)	Vvs-teknik	Plumbing (VVS) technology	fable-5
70355010	Naturvidenskab, LVU (compound: 70355010)	Matematik, LVU	Mathematics, LVU	fable-5
80351010	Naturvidenskab, Ph.d. (compound: 80351010)	Naturvidenskab uden nærmere angivelse, Ph.d.	Natural sciences, not further specified, Ph.d.	fable-5
30353010	Byggeriområdet (TBT) (compound: 30353010)	Murer	Bricklayer	reused-master
15205030	Introducerende og erhvervsrettede forløb (compound: 15205030)	Erhvervsintroduktion, kurser	Introduction to trades, courses	fable-5
50592510	Teknisk videnskab, MVU (compound: 50592510)	Bygnings- og anlægsteknik, MVU	Building and civil engineering, MVU	fable-5
70804510	Jordbrug, natur og miljø, LVU (compound: 70804510)	Landskabsarkitektur og -forvaltning, LVU	Landscape architecture and management, LVU	fable-5
70905510	Sundhedsvidenskab, LVU (compound: 70905510)	Odontologi, LVU	Odontology (dentistry), LVU	fable-5
70593010	Teknisk videnskab, LVU (compound: 70593010)	Tele-, data- og it-teknologi mv., LVU	Tele, data and IT technology etc., LVU	fable-5
30559020	Teknologiområdet, maskinteknik og produktion (TBT) (compound: 30559020)	Teknisk designer	Technical designer	reused-master
40751590	Fødevarer, bio- og laboratorieteknik, KVU (compound: 40751590)	Laboratorie-, fødevare- og procesteknologi i øvrigt, KVU	Other laboratory, food and process technology, KVU	fable-5
50581515	Teknisk, MVU (compound: 50581515)	Byggeri- og anlægsteknik i øvrigt, MVU	Other building and civil engineering, MVU	fable-5
30302010	Oplevelsesområdet (FJO) (compound: 30302010)	Frisør	Hairdresser	reused-master
30251510	Jordbrug og natur (FJO) (compound: 30251510)	Anlægsgartner	Landscape Gardener	reused-master
70356020	Naturvidenskab, LVU (compound: 70356020)	Informatik, LVU	Informatics, LVU	fable-5
60802010	Jordbrug, natur og miljø, BACH (compound: 60802010)	Jordbrugsvidenskab, BACH	Agricultural science, BACH	fable-5
70802010	Jordbrug, natur og miljø, LVU (compound: 70802010)	Jordbrugsvidenskab, LVU	Agricultural science, LVU	fable-5
30102020	Omsorg, sundhed og pædagogik (OSP) (compound: 30102020)	Social- og sundhedsassistent	Social and Health Assistant	reused-master
30402010	Teknologiområdet, strøm og elektronik mv. (TBT) (compound: 30402010)	Data- og kommunikationsteknik	Data and communication technology	fable-5
30102510	Omsorg, sundhed og pædagogik (OSP) (compound: 30102510)	Hospitalsteknisk assistent	Hospitalsteknisk assistent	reused-master
60258510	Humanistisk og teologisk, BACH (compound: 60258510)	Erhvervssproglige bachelorer, BACH	Business language bachelors, BACH	fable-5
40951010	Politi og forsvar mv., KVU (compound: 40951010)	Politi og forsvar uden nærmere angivelse, KVU	Police and defence, not further specified, KVU	fable-5
70256510	Humanistisk og teologisk, LVU (compound: 70256510)	Engelsk, LVU	English, LVU	fable-5
50591520	Teknisk videnskab, MVU (compound: 50591520)	Kemisk og biokemisk teknologi, MVU	Chemical and biochemical technology, MVU	fable-5
50253510	Humanistisk og teologisk, MVU (compound: 50253510)	Biblioteks- og informationsuddannelser	Library and information programmes	fable-5
50595010	Teknisk videnskab, MVU (compound: 50595010)	Maskinteknik og maskinkonstruktion, MVU	Mechanical engineering and machine design, MVU	fable-5
20103020	Alment gymnasiale uddannelser (compound: 20103020)	Matematisk studenterkursus	Matematisk studenterkursus	reused-master
30555010	Teknologiområdet, maskinteknik og produktion (TBT) (compound: 30555010)	Plastmager	Plastics fabricator	reused-master
30401510	Teknologiområdet, strøm og elektronik mv. (TBT) (compound: 30401510)	Automatik og automationsproces	Automatics and automation processes	fable-5
50582015	Teknisk, MVU (compound: 50582015)	It-uddannelser, MVU	IT programmes, MVU	fable-5
70393510	Samfundsvidenskab, LVU (compound: 70393510)	Statskundskab, LVU	Political science, LVU	fable-5
30201010	Fødevarer mv. (FJO) (compound: 30201010)	Bager og konditor	Baker and Confectioner	reused-master
30102010	Omsorg, sundhed og pædagogik (OSP) (compound: 30102010)	Social- og sundhedsuddannelse uden nærmere angivelse	Social and health care programme, not further specified	fable-5
40382010	Samfundsfaglig, Økonomisk-Merkantil, KVU (compound: 40382010)	Finansøkonom mv., KVU	Financial economist etc., KVU	fable-5
40582410	Teknisk, KVU (compound: 40582410)	Installatør af stærkstrøms- og vvs-teknik uden nærmere angivelse, KVU	Installer of electrical and plumbing technology, not further specified, KVU	fable-5
70255210	Humanistisk og teologisk, LVU (compound: 70255210)	Dansk-nordisk sprog og litteratur, LVU	Danish-Nordic language and literature, LVU	fable-5
30156010	Kontor, handel og forretningsservice (KHF) (compound: 30156010)	Serviceassistentuddannelse	Service assistant programme	fable-5
30501510	Teknologiområdet, cykel-, auto- og skibsmekanik mv. (TBT) (compound: 30501510)	Cykel- og motorcykelmekaniker	Bicycle and Motorcycle Mechanic	reused-master
50894010	Sundhedsfaglig, MVU (compound: 50894010)	Tandplejer og klinisk tandteknik, MVU	Dental hygienist and clinical dental technology, MVU	fable-5
30501520	Teknologiområdet, cykel-, auto- og skibsmekanik mv. (TBT) (compound: 30501520)	Entreprenør- og landbrugsmaskinmekaniker	Construction and agricultural machinery mechanic	fable-5
70353710	Naturvidenskab, LVU (compound: 70353710)	Geografi, LVU	Geography, LVU	fable-5
60251010	Humanistisk og teologisk, BACH (compound: 60251010)	Humanistisk uden nærmere angivelse, BACH	Humanities, not further specified, BACH	fable-5
70254510	Humanistisk og teologisk, LVU (compound: 70254510)	Religion og religionsvidenskab, LVU	Religion and religious studies, LVU	fable-5
40583015	Teknisk, KVU (compound: 40583015)	Maskinteknisk i øvrigt, KVU	Other mechanical engineering, KVU	fable-5
30556510	Teknologiområdet, maskinteknik og produktion (TBT) (compound: 30556510)	Finmekaniker	Fin mechanic	reused-master
70306540	Kunstnerisk, LVU (compound: 70306540)	Musik og musikpædagogik, LVU	Music and music pedagogy, LVU	fable-5
30452520	Teknologiområdet, grafisk teknik og medieproduktion (TBT) (compound: 30452520)	Mediegrafiker	Media graphic designer	reused-master
30453010	Teknologiområdet, grafisk teknik og medieproduktion (TBT) (compound: 30453010)	Grafisk tekniker	Grafisk  technician	reused-master
60306010	Kunstnerisk, BACH (compound: 60306010)	Konservering - restaurering uden nærmere angivelse, BACH	Conservation-restoration, not further specified, BACH	fable-5
70306010	Kunstnerisk, LVU (compound: 70306010)	Konservering - restaurering uden nærmere angivelse, LVU	Conservation-restoration, not further specified, LVU	fable-5
30554510	Teknologiområdet, maskinteknik og produktion (TBT) (compound: 30554510)	Værktøjsuddannelser	Tooling programmes	fable-5
30155510	Kontor, handel og forretningsservice (KHF) (compound: 30155510)	Ejendomsservicetekniker	Ejendomsservice technician	reused-master
50891210	Sundhedsfaglig, MVU (compound: 50891210)	Bioanalytiker, MVU	Biomedical laboratory scientist, MVU	fable-5
40892510	Sundhedsfaglig, KVU (compound: 40892510)	Omsorgsarbejde, KVU	Care work, KVU	fable-5
30201515	Fødevarer mv. (FJO) (compound: 30201515)	Industrislagter	Industrial butcher [completed qualification]	reused-master
30653510	Transport og logistikområdet (TBT) (compound: 30653510)	Chauffør mv., personbefordring	Driver etc., passenger transport	fable-5
30204010	Fødevarer mv. (FJO) (compound: 30204010)	Tjener	Waiter	reused-master
50593010	Teknisk videnskab, MVU (compound: 50593010)	Tele-, data- og it-teknologi mv., teknisk videnskab, MVU	Tele, data and IT technology etc., engineering science, MVU	fable-5
50582010	Teknisk, MVU (compound: 50582010)	Tele-, data- og it-teknologi mv., teknisk, MVU	Tele, data and IT technology etc., technical, MVU	fable-5
50589510	Teknisk, MVU (compound: 50589510)	Teknik og forretningsudvikling, MVU	Technology and business development, MVU	fable-5
40585020	Teknisk, KVU (compound: 40585020)	Teknisk, produktion og produktudvikling i øvrigt, KVU	Other technical, production and product development, KVU	fable-5
80801010	Jordbrug, natur og miljø, Ph.d. (compound: 80801010)	Jordbrug, natur og miljø uden nærmere angivelse, Ph.d.	Agriculture, nature and environment, not further specified, Ph.d.	fable-5
30251515	Jordbrug og natur (FJO) (compound: 30251515)	Produktionsgartner	Produktionsgartner	reused-master
30501525	Teknologiområdet, cykel-, auto- og skibsmekanik mv. (TBT) (compound: 30501525)	Flymekaniker	Fly mechanic [completed qualification]	reused-master
70258810	Humanistisk og teologisk, LVU (compound: 70258810)	Erhvervssprog, ling.merc., LVU	Business language, ling.merc., LVU	fable-5
30557010	Teknologiområdet, maskinteknik og produktion (TBT) (compound: 30557010)	Tekstil- og beklædningshåndværk	Textile and clothing crafts	fable-5
60393510	Samfundsvidenskab, BACH (compound: 60393510)	Statskundskab, BACH	Political science, BACH	fable-5
70391010	Samfundsvidenskab, LVU (compound: 70391010)	Samfundsvidenskab uden nærmere angivelse, LVU	Social sciences, not further specified, LVU	fable-5
70251215	Humanistisk og teologisk, LVU (compound: 70251215)	Arkæologi, klassisk, LVU	Archaeology, classical, LVU	fable-5
80252010	Humanistisk og teologisk, Ph.d. (compound: 80252010)	Filosofi, Ph.d.	Philosophy, Ph.d.	fable-5
29251035	Teknologi, byggeri og transport (TBT), grundforløb (compound: 29251035)	Produktion og udvikling, grundforløb	Production and development, basic course	fable-5
60305010	Kunstnerisk, BACH (compound: 60305010)	Designer uden nærmere angivelse, BACH	Designer, not further specified, BACH	fable-5
70305010	Kunstnerisk, LVU (compound: 70305010)	Designer uden nærmere angivelse, LVU	Designer, not further specified, LVU	fable-5
60255510	Humanistisk og teologisk, BACH (compound: 60255510)	Mellemøstens sprog uden nærmere angivelse, BACH	Middle Eastern languages, not further specified, BACH	fable-5
70255510	Humanistisk og teologisk, LVU (compound: 70255510)	Mellemøstens sprog uden nærmere angivelse, LVU	Middle Eastern languages, not further specified, LVU	fable-5
60255210	Humanistisk og teologisk, BACH (compound: 60255210)	Dansk-nordisk sprog og litteratur, BACH	Danish-Nordic language and literature, BACH	fable-5
70803010	Jordbrug, natur og miljø, LVU (compound: 70803010)	Veterinærmedicin, LVU	Veterinary medicine, LVU	fable-5
40582020	Teknisk, KVU (compound: 40582020)	Elektronik i øvrigt, KVU	Other electronics, KVU	fable-5
70252615	Humanistisk og teologisk, LVU (compound: 70252615)	Film og medievidenskab, LVU	Film and media studies, LVU	fable-5
30452010	Teknologiområdet, grafisk teknik og medieproduktion (TBT) (compound: 30452010)	Fotograf	Photographer	reused-master
50952525	Politi og forsvar mv., MVU (compound: 50952525)	Officer i søværnet, MVU	Officer in the navy, MVU	fable-5
40582420	Teknisk, KVU (compound: 40582420)	Installatør af vvs-teknik, KVU	Plumbing (VVS) installer, KVU	fable-5
70752515	Fødevarer, Bio- og laboratorieteknik, LVU (compound: 70752515)	Mejeribrugsvidenskab, LVU	Dairy science, LVU	fable-5
80591010	Teknisk videnskab, Ph.d. (compound: 80591010)	Teknisk videnskab uden nærmere angivelse, Ph.d.	Engineering science, not further specified, Ph.d.	fable-5
30251015	Jordbrug og natur (FJO) (compound: 30251015)	Landbrugets lederuddannelse	Leadership Development in Agriculture	reused-master
70905010	Sundhedsvidenskab, LVU (compound: 70905010)	Medicin, LVU	Medicine, LVU	fable-5
40801510	Jordbrug, natur og miljø, KVU (compound: 40801510)	Jordbrugsteknologisk, KVU	Agricultural technology, KVU	fable-5
30103010	Omsorg, sundhed og pædagogik (OSP) (compound: 30103010)	Tandklinikassistent	Dental clinic assistant	reused-master
30451510	Teknologiområdet, grafisk teknik og medieproduktion (TBT) (compound: 30451510)	Film- og tv-produktion	Film and TV production	fable-5
35101010	Gymnasial supplering (compound: 35101010)	Flygtninge adgangskursus til videregående udd.	Refugee access course for higher education	fable-5
50304510	Kunstnerisk, MVU (compound: 50304510)	Skuespiller, MVU	Actor, MVU	fable-5
60391010	Samfundsvidenskab, BACH (compound: 60391010)	Samfundsvidenskab uden nærmere angivelse, BACH	Social sciences, not further specified, BACH	fable-5
70594510	Teknisk videnskab, LVU (compound: 70594510)	Landinspektørvidenskab, LVU	Chartered surveying science, LVU	fable-5
60351010	Naturvidenskab, BACH (compound: 60351010)	Naturvidenskab uden nærmere angivelse, BACH	Natural sciences, not further specified, BACH	fable-5
40951510	Politi og forsvar mv., KVU (compound: 40951510)	Fængselsvæsnet, KVU	The prison service, KVU	fable-5
30202010	Fødevarer mv. (FJO) (compound: 30202010)	Tarmrenser	Gut cleaner	reused-master
30601010	Teknik- og industriuddannelser i øvrigt (TBT) (compound: 30601010)	Glasmager	Glassmaker	reused-master
30651010	Transport og logistikområdet (TBT) (compound: 30651010)	Transport og logistik uden nærmere angivelse	Transport and logistics, not further specified	fable-5
60259510	Humanistisk og teologisk, BACH (compound: 60259510)	Eskimologi, BACH	Eskimology, BACH	fable-5
70259510	Humanistisk og teologisk, LVU (compound: 70259510)	Eskimologi, LVU	Eskimology, LVU	fable-5
30653010	Transport og logistikområdet (TBT) (compound: 30653010)	Redderuddannelser	Rescue worker programmes	fable-5
40894515	Sundhedsfaglig, KVU (compound: 40894515)	Farmakonom, KVU	Pharmaconomist, KVU	fable-5
70252620	Humanistisk og teologisk, LVU (compound: 70252620)	Dramaturgi og teatervidenskab, LVU	Dramaturgy and theatre studies, LVU	fable-5
50242510	Medier og kommunikation, MVU (compound: 50242510)	Journalist og journalistisk arbejde, MVU	Journalist and journalistic work, MVU	fable-5
50952520	Politi og forsvar mv., MVU (compound: 50952520)	Officer i hæren, MVU	Officer in the army, MVU	fable-5
60251210	Humanistisk og teologisk, BACH (compound: 60251210)	Arkæologi, forhistorisk, BACH	Archaeology, prehistoric, BACH	fable-5
70251210	Humanistisk og teologisk, LVU (compound: 70251210)	Arkæologi, forhistorisk, LVU	Archaeology, prehistoric, LVU	fable-5
60252710	Humanistisk og teologisk, BACH (compound: 60252710)	Litteraturvidenskab, BACH	Comparative literature, BACH	fable-5
60253210	Humanistisk og teologisk, BACH (compound: 60253210)	Journalistik, BACH	Journalism, BACH	fable-5
60253510	Humanistisk og teologisk, BACH (compound: 60253510)	Informationsvidenskab mv., BACH	Information science etc., BACH	fable-5
70952520	Politi og forsvar mv., LVU (compound: 70952520)	Officer i hæren, LVU	Officer in the army, LVU	fable-5
30353515	Byggeriområdet (TBT) (compound: 30353515)	Maskinsnedker mv.	Industrial joiner etc.	fable-5
50751010	Fødevarer, Bio- og laboratorieteknik, MVU (compound: 50751010)	Fødevarer, Bio- og laboratorieteknik uden nærmere angivelse, MVU	Food, bio- and laboratory technology, not further specified, MVU	fable-5
70203020	Pædagogisk, LVU (compound: 70203020)	Pædagogik, LVU	Pedagogy, LVU	fable-5
60203020	Pædagogisk, BACH (compound: 60203020)	Pædagogik, BACH	Pedagogy, BACH	fable-5
70356040	Naturvidenskab, LVU (compound: 70356040)	Naturvidenskabelige it-uddannelser i øvrigt, LVU	Other natural science IT programmes, LVU	fable-5
70397010	Samfundsvidenskab, LVU (compound: 70397010)	Erhvervsøkonomi-erhvervssprog mv., negot., LVU	Business economics and business language etc., negot., LVU	fable-5
15201020	Introducerende og erhvervsrettede forløb (compound: 15201020)	Husholdningskursus, andre	Household course, other	fable-5
60251220	Humanistisk og teologisk, BACH (compound: 60251220)	Arkæologi, middelalder, BACH	Archaeology, medieval, BACH	fable-5
70904510	Sundhedsvidenskab, LVU (compound: 70904510)	Sygeplejevidenskab, LVU	Nursing science, LVU	fable-5
60256310	Humanistisk og teologisk, BACH (compound: 60256310)	Østasiatiske sprog uden nærmere angivelse, BACH	East Asian languages, not further specified, BACH	fable-5
40589515	Teknisk, KVU (compound: 40589515)	Teknisk offshore, KVU	Technical offshore, KVU	fable-5
40859510	Maritimt, KVU (compound: 40859510)	Maritime uddannelser i øvrigt, KVU	Other maritime programmes, KVU	fable-5
30557510	Teknologiområdet, maskinteknik og produktion (TBT) (compound: 30557510)	Laboratorietandtekniker	Laboratorietand technician [completed qualification]	reused-master
30352510	Byggeriområdet (TBT) (compound: 30352510)	Glarmester	Glazier	reused-master
60255525	Humanistisk og teologisk, BACH (compound: 60255525)	Persisk, BACH	Persian, BACH	fable-5
60253010	Humanistisk og teologisk, BACH (compound: 60253010)	Kommunikation og formidling, BACH	Communication and dissemination, BACH	fable-5
40585015	Teknisk, KVU (compound: 40585015)	Teknisk, tekstil- og beklædning, KVU	Technical, textiles and clothing, KVU	fable-5
15204010	Introducerende og erhvervsrettede forløb (compound: 15204010)	Særlige ungdomsuddannelser	Special youth education programmes	fable-5
30202510	Fødevarer mv. (FJO) (compound: 30202510)	Mejeriuddannelse	Dairy programme	fable-5
30501515	Teknologiområdet, cykel-, auto- og skibsmekanik mv. (TBT) (compound: 30501515)	Person- og lastvognsmekaniker	Car and truck mechanic	fable-5
30251525	Jordbrug og natur (FJO) (compound: 30251525)	Gartner efteruddannelse	Gardener continuing education	fable-5
40241510	Medier og kommunikation, KVU (compound: 40241510)	Multimediedesign, KVU	Multimedia design, KVU	fable-5
60593010	Teknisk videnskab, BACH (compound: 60593010)	Tele-, data- og it-teknologi mv., BACH	Tele, data and IT technology etc., BACH	fable-5
70252210	Humanistisk og teologisk, LVU (compound: 70252210)	Historie, LVU	History, LVU	fable-5
70253010	Humanistisk og teologisk, LVU (compound: 70253010)	Kommunikation og formidling, LVU	Communication and dissemination, LVU	fable-5
60804510	Jordbrug, natur og miljø, BACH (compound: 60804510)	Landskabsarkitektur og -forvaltning, BACH	Landscape architecture and management, BACH	fable-5
40585010	Teknisk, KVU (compound: 40585010)	Designteknolog, KVU	Design technologist, KVU	fable-5
50859510	Maritimt, MVU (compound: 50859510)	Maritime uddannelser i øvrigt, MVU	Other maritime programmes, MVU	fable-5
40851510	Maritimt, KVU (compound: 40851510)	Skibsførere, KVU	Ship masters, KVU	fable-5
70255010	Humanistisk og teologisk, LVU (compound: 70255010)	Lingvistik, LVU	Linguistics, LVU	fable-5
29201015	Fødevarer, jordbrug og oplevelser (FJO), grundforløb (compound: 29201015)	Mad til mennesker, grundforløb	Food for people, basic course	fable-5
60353715	Naturvidenskab, BACH (compound: 60353715)	Kulturgeografi, BACH	Cultural geography, BACH	fable-5
60251710	Humanistisk og teologisk, BACH (compound: 60251710)	Etnologi, BACH	Ethnology, BACH	fable-5
70256310	Humanistisk og teologisk, LVU (compound: 70256310)	Østasiatiske sprog uden nærmere angivelse, LVU	East Asian languages, not further specified, LVU	fable-5
30252010	Jordbrug og natur (FJO) (compound: 30252010)	Greenkeeper og groundman	Greenkeeper and groundsman	fable-5
70353025	Naturvidenskab, LVU (compound: 70353025)	Fysiske fag i øvrigt, LVU	Other physical sciences, LVU	fable-5
70251010	Humanistisk og teologisk, LVU (compound: 70251010)	Humanistisk uden nærmere angivelse, LVU	Humanities, not further specified, LVU	fable-5
40306555	Kunstnerisk, KVU (compound: 40306555)	Musikuddannelser i øvrigt, KVU	Other music programmes, KVU	fable-5
70255730	Humanistisk og teologisk, LVU (compound: 70255730)	Spansk, LVU	Spanish, LVU	fable-5
70252610	Humanistisk og teologisk, LVU (compound: 70252610)	Kunsthistorie, LVU	Art history, LVU	fable-5
30353510	Byggeriområdet (TBT) (compound: 30353510)	Snedker mv.	Joiner etc.	fable-5
70902010	Sundhedsvidenskab, LVU (compound: 70902010)	Fysioterapi, LVU	Physiotherapy, LVU	fable-5
60256010	Humanistisk og teologisk, BACH (compound: 60256010)	Slavisk, østeuropa og balkan uden nærmere angivelse, BACH	Slavic, Eastern Europe and Balkans, not further specified, BACH	fable-5
40582010	Teknisk, KVU (compound: 40582010)	Tele-, data- og it-teknologi mv., KVU	Tele, data and IT technology etc., KVU	fable-5
50383010	Samfundsfaglig, Økonomisk-Merkantil, MVU (compound: 50383010)	Fritid, kultur og sport mv., MVU	Leisure, culture and sports etc., MVU	fable-5
30453510	Teknologiområdet, grafisk teknik og medieproduktion (TBT) (compound: 30453510)	Skiltetekniker	Skilte technician	reused-master
70595010	Teknisk videnskab, LVU (compound: 70595010)	Maskinteknik og maskinkonstruktion, LVU	Mechanical engineering and machine design, LVU	fable-5
50894525	Sundhedsfaglig, MVU (compound: 50894525)	Psykomotorik og afspænding mv., MVU	Psychomotor therapy and relaxation etc., MVU	fable-5
70302010	Kunstnerisk, LVU (compound: 70302010)	Bildende kunst, LVU	Visual arts, LVU	fable-5
70253710	Humanistisk og teologisk, LVU (compound: 70253710)	Digital design og interaktionsdesign, LVU	Digital design and interaction design, LVU	fable-5
60356035	Naturvidenskab, BACH (compound: 60356035)	Medialogi, BACH	Medialogy, BACH	fable-5
70599515	Teknisk videnskab, LVU (compound: 70599515)	Teknologi og forretningsudvikling, LVU	Technology and business development, LVU	fable-5
50381510	Samfundsfaglig, Økonomisk-Merkantil, MVU (compound: 50381510)	Administration mv., MVU	Administration etc., MVU	fable-5
60355020	Naturvidenskab, BACH (compound: 60355020)	Forsikringsvidenskab, BACH	Actuarial science, BACH	fable-5
50585020	Teknisk, MVU (compound: 50585020)	Teknisk, produktion og produktudvikling i øvrigt, MVU	Other technical, production and product development, MVU	fable-5
60356010	Naturvidenskab, BACH (compound: 60356010)	Datalogi og datahåndtering, BACH	Computer science and data management, BACH	fable-5
40244010	Medier og kommunikation, KVU (compound: 40244010)	Medier og kommunikation i øvrigt, KVU	Other media and communication, KVU	fable-5
70251710	Humanistisk og teologisk, LVU (compound: 70251710)	Etnologi, LVU	Ethnology, LVU	fable-5
60252610	Humanistisk og teologisk, BACH (compound: 60252610)	Kunsthistorie, BACH	Art history, BACH	fable-5
70256010	Humanistisk og teologisk, LVU (compound: 70256010)	Slavisk, østeuropa og balkan uden nærmere angivelse, LVU	Slavic, Eastern Europe and Balkans, not further specified, LVU	fable-5
50243010	Medier og kommunikation, MVU (compound: 50243010)	Fotojournalist, MVU	Photojournalist, MVU	fable-5
60252620	Humanistisk og teologisk, BACH (compound: 60252620)	Dramaturgi og teatervidenskab, BACH	Dramaturgy and theatre studies, BACH	fable-5
50303510	Kunstnerisk, MVU (compound: 50303510)	Teaterteknik, MVU	Theatre technology, MVU	fable-5
30252510	Jordbrug og natur (FJO) (compound: 30252510)	Skov- og naturtekniker	Forestry and Nature Technicians	reused-master
50584510	Teknisk, MVU (compound: 50584510)	Teknik-naturvidenskab, kombineret, MVU	Technology-natural science, combined, MVU	fable-5
35101020	Gymnasial supplering (compound: 35101020)	Gymnasial indslusning for flygtninge GIF	Educational Integration Program for Refugees GIF	reused-master
60354010	Naturvidenskab, BACH (compound: 60354010)	Geologi, BACH	Geology, BACH	fable-5
70354710	Naturvidenskab, LVU (compound: 70354710)	Kemi, LVU	Chemistry, LVU	fable-5
50243510	Medier og kommunikation, MVU (compound: 50243510)	Tegnsprogstolk, MVU	Sign language interpreter, MVU	fable-5
30154010	Kontor, handel og forretningsservice (KHF) (compound: 30154010)	Sundhedsservicesekretær	Health Service Secretary	reused-master
50305010	Kunstnerisk, MVU (compound: 50305010)	Designuddannelser uden nærmere angivelse, MVU	Design programmes, not further specified, MVU	fable-5
70253510	Humanistisk og teologisk, LVU (compound: 70253510)	Informationsvidenskab mv., LVU	Information science etc., LVU	fable-5
40381510	Samfundsfaglig, Økonomisk-Merkantil, KVU (compound: 40381510)	Administrationsøkonom mv., KVU	Administrative economist etc., KVU	fable-5
30251526	Jordbrug og natur (FJO) (compound: 30251526)	Gartnerassistent	Gardener assistant [completed qualification]	reused-master
50391510	Samfundsvidenskab, MVU (compound: 50391510)	Administration, forvaltning og ledelse, MVU	Administration, public governance and management, MVU	fable-5
60251205	Humanistisk og teologisk, BACH (compound: 60251205)	Arkæologi, BACH	Archaeology, BACH	fable-5
60351510	Naturvidenskab, BACH (compound: 60351510)	Biokemi og molekylær biologi, BACH	Biochemistry and molecular biology, BACH	fable-5
70903010	Sundhedsvidenskab, LVU (compound: 70903010)	Folkesundhedsvidenskab, LVU	Public health science, LVU	fable-5
60255730	Humanistisk og teologisk, BACH (compound: 60255730)	Spansk, BACH	Spanish, BACH	fable-5
70392510	Samfundsvidenskab, LVU (compound: 70392510)	Globalisering og internationale samfundsstudier, LVU	Globalisation and international social studies, LVU	fable-5
60255710	Humanistisk og teologisk, BACH (compound: 60255710)	Fransk, BACH	French, BACH	fable-5
30355010	Byggeriområdet (TBT) (compound: 30355010)	Tagdækker	Roofing	reused-master
30355520	Byggeriområdet (TBT) (compound: 30355520)	Skorstensfejer og kedelanlægstekniker	Chimney sweep and boiler plant technician	fable-5
50892010	Sundhedsfaglig, MVU (compound: 50892010)	Jordemoder, MVU	Midwife, MVU	fable-5
30452510	Teknologiområdet, grafisk teknik og medieproduktion (TBT) (compound: 30452510)	Digital media	Digital media	fable-5
70593015	Teknisk videnskab, LVU (compound: 70593015)	Teknisk videnskabelige it-uddannelser, LVU	Engineering science IT programmes, LVU	fable-5
70394525	Samfundsvidenskab, LVU (compound: 70394525)	Sociologiske uddannelser i øvrigt, LVU	Other sociological programmes, LVU	fable-5
70353020	Naturvidenskab, LVU (compound: 70353020)	Geofysik, LVU	Geophysics, LVU	fable-5
70252010	Humanistisk og teologisk, LVU (compound: 70252010)	Filosofi, LVU	Philosophy, LVU	fable-5
60255515	Humanistisk og teologisk, BACH (compound: 60255515)	Arabisk, BACH	Arabic, BACH	fable-5
70353015	Naturvidenskab, LVU (compound: 70353015)	Fysik, LVU	Physics, LVU	fable-5
50244010	Medier og kommunikation, MVU (compound: 50244010)	Medier og kommunikation i øvrigt, MVU	Other media and communication, MVU	fable-5
70351510	Naturvidenskab, LVU (compound: 70351510)	Biokemi og molekylær biologi, LVU	Biochemistry and molecular biology, LVU	fable-5
60252615	Humanistisk og teologisk, BACH (compound: 60252615)	Film og medievidenskab, BACH	Film and media studies, BACH	fable-5
29201020	Fødevarer, jordbrug og oplevelser (FJO), grundforløb (compound: 29201020)	Dyr, planter og natur, grundforløb	Animals, plants and nature, basic course	fable-5
50802015	Jordbrug, natur og miljø, MVU (compound: 50802015)	Jordbrugsøkonomi, MVU	Agricultural economics, MVU	fable-5
30652010	Transport og logistikområdet (TBT) (compound: 30652010)	Lufthavnsuddannelser	Lufthavns programmes	reused-master
29151510	Kontor, handel og forretningsservice (KHF), grundforløb (compound: 29151510)	Bygnings- og brugerservice, grundforløb	Building and user services, basic course	fable-5
30553515	Teknologiområdet, maskinteknik og produktion (TBT) (compound: 30553515)	Guld- og sølvsmedeuddannelsen	Gold and Silversmithing Education	reused-master
40242010	Medier og kommunikation, KVU (compound: 40242010)	Grafisk design og kommunikation, KVU	Graphic design and communication, KVU	fable-5
60397010	Samfundsvidenskab, BACH (compound: 60397010)	Erhvervsøkonomi-erhvervssprog mv., negot., BACH	Business economics and business language etc., negot., BACH	fable-5
60255010	Humanistisk og teologisk, BACH (compound: 60255010)	Lingvistik, BACH	Linguistics, BACH	fable-5
29251025	Teknologi, byggeri og transport (TBT), grundforløb (compound: 29251025)	Medieproduktion, grundforløb	Media production, basic course	fable-5
60258910	Humanistisk og teologisk, BACH (compound: 60258910)	Erhvervssprog, kombineret uden nærmere angivelse, BACH	Business language, combined, not further specified, BACH	fable-5
70356015	Naturvidenskab, LVU (compound: 70356015)	Softwareudvikling, LVU	Software development, LVU	fable-5
50893010	Sundhedsfaglig, MVU (compound: 50893010)	Radiograf, MVU	Radiographer, MVU	fable-5
60597010	Teknisk videnskab, BACH (compound: 60597010)	Teknologi, produktion og produktudvikling, BACH	Technology, production and product development, BACH	fable-5
70597010	Teknisk videnskab, LVU (compound: 70597010)	Teknologi, produktion og produktudvikling, LVU	Technology, production and product development, LVU	fable-5
30253010	Jordbrug og natur (FJO) (compound: 30253010)	Dyrepasser	Animal caretaker	reused-master
60356025	Naturvidenskab, BACH (compound: 60356025)	Digitale medier og design, BACH	Digital media and design, BACH	fable-5
70593510	Teknisk videnskab, LVU (compound: 70593510)	Elektronik i øvrigt, LVU	Other electronics, LVU	fable-5
60353010	Naturvidenskab, BACH (compound: 60353010)	Astronomi, BACH	Astronomy, BACH	fable-5
50242010	Medier og kommunikation, MVU (compound: 50242010)	Grafisk design og kommunikation, MVU	Graphic design and communication, MVU	fable-5
50952515	Politi og forsvar mv., MVU (compound: 50952515)	Officer i flyvevåbnet, MVU	Officer in the air force, MVU	fable-5
70591520	Teknisk videnskab, LVU (compound: 70591520)	Kemisk og biokemisk teknologi, LVU	Chemical and biochemical technology, LVU	fable-5
20301010	Internationale gymnasiale uddannelser (compound: 20301010)	Pre International Baccalaureate	Pre International Baccalaureate	fable-5
20302020	Internationale gymnasiale uddannelser (compound: 20302020)	International Baccalaureate	International Baccalaureate	fable-5
30302510	Oplevelsesområdet (FJO) (compound: 30302510)	Kosmetikeruddannelser	Kosmetiker programmes	reused-master
70804010	Jordbrug, natur og miljø, LVU (compound: 70804010)	Jordbrug, fødevarer og miljø kombineret, LVU	Agriculture, food and environment combined, LVU	fable-5
60256220	Humanistisk og teologisk, BACH (compound: 60256220)	Thai, BACH	Thai, BACH	fable-5
70203015	Pædagogisk, LVU (compound: 70203015)	Didaktik og undervisningsteori, LVU	Didactics and teaching theory, LVU	fable-5
60592010	Teknisk videnskab, BACH (compound: 60592010)	Nanoteknologi og nanobioteknologi, BACH	Nanotechnology and nanobiotechnology, BACH	fable-5
30654010	Transport og logistikområdet (TBT) (compound: 30654010)	Transport- og logistik i øvrigt	Other transport and logistics	fable-5
60805090	Jordbrug, natur og miljø, BACH (compound: 60805090)	Naturressourcer og miljø i øvrigt, BACH	Other natural resources and environment, BACH	fable-5
29251010	Teknologi, byggeri og transport (TBT), grundforløb (compound: 29251010)	Bil, fly og andre transportmidler, grundforløb	Cars, aircraft and other means of transport, basic course	fable-5
40583510	Teknisk, KVU (compound: 40583510)	Miljøteknisk, KVU	Environmental engineering, KVU	fable-5
50382510	Samfundsfaglig, Økonomisk-Merkantil, MVU (compound: 50382510)	Handel og markedsføring mv., MVU	Trade and marketing etc., MVU	fable-5
60759510	Fødevarer, Bio- og laboratorieteknik, BACH (compound: 60759510)	Fødevare- og ernæringsvidenskab i øvrigt, BACH	Other food and nutrition science, BACH	fable-5
70752510	Fødevarer, Bio- og laboratorieteknik, LVU (compound: 70752510)	Fødevarevidenskab, LVU	Food science, LVU	fable-5
30601020	Teknik- og industriuddannelser i øvrigt (TBT) (compound: 30601020)	Pottemager	Potter	reused-master
60306540	Kunstnerisk, BACH (compound: 60306540)	Musik og musikpædagogik, BACH	Music and music pedagogy, BACH	fable-5
70306555	Kunstnerisk, LVU (compound: 70306555)	Musikuddannelser i øvrigt, LVU	Other music programmes, LVU	fable-5
50852015	Maritimt, MVU (compound: 50852015)	Juniorofficerer, MVU	Junior officers, MVU	fable-5
50751510	Fødevarer, Bio- og laboratorieteknik, MVU (compound: 50751510)	Laboratorie-, fødevare- og procesteknologi, MVU	Laboratory, food and process technology, MVU	fable-5
40582510	Teknisk, KVU (compound: 40582510)	Energi- og stærkstrømsteknisk, KVU	Energy and high-voltage engineering, KVU	fable-5
70354510	Naturvidenskab, LVU (compound: 70354510)	Idræt, LVU	Sports science, LVU	fable-5
60591010	Teknisk videnskab, BACH (compound: 60591010)	Teknisk videnskab uden nærmere angivelse, BACH	Engineering science, not further specified, BACH	fable-5
70591510	Teknisk videnskab, LVU (compound: 70591510)	Bioteknologi, LVU	Biotechnology, LVU	fable-5
70392010	Samfundsvidenskab, LVU (compound: 70392010)	Antropologi, LVU	Anthropology, LVU	fable-5
29251055	Teknologi, byggeri og transport (TBT), grundforløb (compound: 29251055)	Transport og logistik, grundforløb	Transport and logistics, basic course	fable-5
60258915	Humanistisk og teologisk, BACH (compound: 60258915)	Erhvervssprog og europæiske studier, BACH	Business language and European studies, BACH	fable-5
60902510	Sundhedsvidenskab, BACH (compound: 60902510)	Farmaci og lægemiddelvidenskab, BACH	Pharmacy and pharmaceutical sciences, BACH	fable-5
30452515	Teknologiområdet, grafisk teknik og medieproduktion (TBT) (compound: 30452515)	Web-integrator	Web integrator	fable-5
60203010	Pædagogisk, BACH (compound: 60203010)	Audiologopædi, BACH	Speech and hearing therapy (audiologopedics), BACH	fable-5
30501535	Teknologiområdet, cykel-, auto- og skibsmekanik mv. (TBT) (compound: 30501535)	Skibsmekaniker	Skibs mechanic	reused-master
60257025	Humanistisk og teologisk, BACH (compound: 60257025)	Klassisk filologi, BACH	Classical philology, BACH	fable-5
50852020	Maritimt, MVU (compound: 50852020)	Seniorofficerer, MVU	Senior officers, MVU	fable-5
30901010	Andre erhvervsfaglige uddannelser (compound: 30901010)	Erhvervsfiskeri mv.	Commercial fishing etc.	fable-5
60252510	Humanistisk og teologisk, BACH (compound: 60252510)	Idehistorie, BACH	History of ideas, BACH	fable-5
60591510	Teknisk videnskab, BACH (compound: 60591510)	Bioteknologi, BACH	Biotechnology, BACH	fable-5
60306555	Kunstnerisk, BACH (compound: 60306555)	Musikuddannelser i øvrigt, BACH	Other music programmes, BACH	fable-5
60595010	Teknisk videnskab, BACH (compound: 60595010)	Maskinteknik og maskinkonstruktion, BACH	Mechanical engineering and machine design, BACH	fable-5
30404020	Teknologiområdet, strøm og elektronik mv. (TBT) (compound: 30404020)	Teater-, udstillings- og eventteknik	Theatre, exhibition and event technology	fable-5
70259520	Humanistisk og teologisk, LVU (compound: 70259520)	Kulturteori og kulturanalyse, LVU	Cultural theory and cultural analysis, LVU	fable-5
50894520	Sundhedsfaglig, MVU (compound: 50894520)	Optometrist, MVU	Optometrist, MVU	fable-5
60255715	Humanistisk og teologisk, BACH (compound: 60255715)	Italiensk, BACH	Italian, BACH	fable-5
70904010	Sundhedsvidenskab, LVU (compound: 70904010)	Jordemodervidenskab, LVU	Midwifery science, LVU	fable-5
70254010	Humanistisk og teologisk, LVU (compound: 70254010)	Oplevelses-design, LVU	Experience design, LVU	fable-5
60256325	Humanistisk og teologisk, BACH (compound: 60256325)	Koreastudier, BACH	Korea studies, BACH	fable-5
40383510	Samfundsfaglig, Økonomisk-Merkantil, KVU (compound: 40383510)	Transport- og logistikøkonom mv., KVU	Transport and logistics economist etc., KVU	fable-5
70599530	Teknisk videnskab, LVU (compound: 70599530)	Teknisk videnskab i øvrigt, LVU	Other engineering science, LVU	fable-5
30151010	Kontor, handel og forretningsservice (KHF) (compound: 30151010)	Merkantile uddannelser uden nærmere angivelse	Mercantile programmes, not further specified	fable-5
60803010	Jordbrug, natur og miljø, BACH (compound: 60803010)	Veterinærmedicin, BACH	Veterinary medicine, BACH	fable-5
60752510	Fødevarer, Bio- og laboratorieteknik, BACH (compound: 60752510)	Fødevarevidenskab, BACH	Food science, BACH	fable-5
70759510	Fødevarer, Bio- og laboratorieteknik, LVU (compound: 70759510)	Fødevare- og ernæringsvidenskab i øvrigt, LVU	Other food and nutrition science, LVU	fable-5
60352510	Naturvidenskab, BACH (compound: 60352510)	Nanoscience og nanobioscience, BACH	Nanoscience and nanobioscience, BACH	fable-5
50382010	Samfundsfaglig, Økonomisk-Merkantil, MVU (compound: 50382010)	Finans mv., MVU	Finance etc., MVU	fable-5
30556015	Teknologiområdet, maskinteknik og produktion (TBT) (compound: 30556015)	Skibsmontør	Ship mechanic	reused-master
70352020	Naturvidenskab, LVU (compound: 70352020)	Medicinalbiologi, LVU	Medical biology, LVU	fable-5
40894590	Sundhedsfaglig, KVU (compound: 40894590)	Sundhedsfaglige uddannelser i øvrigt, KVU	Other health programmes, KVU	fable-5
60254210	Humanistisk og teologisk, BACH (compound: 60254210)	Musikterapi, BACH	Music therapy, BACH	fable-5
70254210	Humanistisk og teologisk, LVU (compound: 70254210)	Musikterapi, LVU	Music therapy, LVU	fable-5
30355535	Byggeriområdet (TBT) (compound: 30355535)	Teknisk isolatør	Technical insulator	reused-master
30553010	Teknologiområdet, maskinteknik og produktion (TBT) (compound: 30553010)	Køletekniker	Refrigeration technician	reused-master
60252010	Humanistisk og teologisk, BACH (compound: 60252010)	Filosofi, BACH	Philosophy, BACH	fable-5
60596015	Teknisk videnskab, BACH (compound: 60596015)	Velfærdsteknologi, BACH	Welfare technology, BACH	fable-5
70596015	Teknisk videnskab, LVU (compound: 70596015)	Velfærdsteknologi, LVU	Welfare technology, LVU	fable-5
70253015	Humanistisk og teologisk, LVU (compound: 70253015)	Kultur og sprogmøde, LVU	Culture and language encounters, LVU	fable-5
20103010	Alment gymnasiale uddannelser (compound: 20103010)	Studenterkursus uden linieopdeling	Studenterkursus without streaming	fable-5
30652510	Transport og logistikområdet (TBT) (compound: 30652510)	Togklargøringsuddannelser	Train preparation programmes	fable-5
20101010	Alment gymnasiale uddannelser (compound: 20101010)	Stx	STX (general upper-secondary school)	reused-master
30355525	Byggeriområdet (TBT) (compound: 30355525)	Stenhugger	Stonemason [completed qualification]	reused-master
60356020	Naturvidenskab, BACH (compound: 60356020)	Informatik, BACH	Informatics, BACH	fable-5
50303015	Kunstnerisk, MVU (compound: 50303015)	Animationsuddannelse, MVU	Animation programme, MVU	fable-5
60592510	Teknisk videnskab, BACH (compound: 60592510)	Bygnings- og anlægsteknik, BACH	Building and civil engineering, BACH	fable-5
30252515	Jordbrug og natur (FJO) (compound: 30252515)	Herregårdsskytte	Manor Shooting	reused-master
60256510	Humanistisk og teologisk, BACH (compound: 60256510)	Engelsk, BACH	English, BACH	fable-5
70901510	Sundhedsvidenskab, LVU (compound: 70901510)	Ergoterapi, LVU	Occupational therapy, LVU	fable-5
50584010	Teknisk, MVU (compound: 50584010)	Sundheds- og omsorgsteknologi, MVU	Health and care technology, MVU	fable-5
60596510	Teknisk videnskab, BACH (compound: 60596510)	Teknologi-naturvidenskab, kombineret, BACH	Technology-natural science, combined, BACH	fable-5
29201025	Fødevarer, jordbrug og oplevelser (FJO), grundforløb (compound: 29201025)	Krop og stil, grundforløb	Body and style, basic course	fable-5
30301510	Oplevelsesområdet (FJO) (compound: 30301510)	Fitnessinstruktør	Fitness instructor [completed qualification]	reused-master
30301010	Oplevelsesområdet (FJO) (compound: 30301010)	Eventkoordinator	Event coordinator	reused-master
70909525	Sundhedsvidenskab, LVU (compound: 70909525)	Sundhedsvidenskab i øvrigt, LVU	Other health science, LVU	fable-5
30355515	Byggeriområdet (TBT) (compound: 30355515)	Byggemontagetekniker	Byggemontage technician	reused-master
50894590	Sundhedsfaglig, MVU (compound: 50894590)	Sundhedsfaglige uddannelser i øvrigt, MVU	Other health programmes, MVU	fable-5
60593015	Teknisk videnskab, BACH (compound: 60593015)	Teknisk videnskabelige it-uddannelser, BACH	Engineering science IT programmes, BACH	fable-5
70355020	Naturvidenskab, LVU (compound: 70355020)	Forsikringsvidenskab, LVU	Actuarial science, LVU	fable-5
70353010	Naturvidenskab, LVU (compound: 70353010)	Astronomi, LVU	Astronomy, LVU	fable-5
60802015	Jordbrug, natur og miljø, BACH (compound: 60802015)	Jordbrugsøkonomi, BACH	Agricultural economics, BACH	fable-5
60351710	Naturvidenskab, BACH (compound: 60351710)	Biologi, BACH	Biology, BACH	fable-5
70395510	Samfundsvidenskab, LVU (compound: 70395510)	Erhvervsøkonomi uden nærmere angivelse, LVU	Business economics, not further specified, LVU	fable-5
60258920	Humanistisk og teologisk, BACH (compound: 60258920)	Sprog og virksomhedskommunikation, BACH	Language and corporate communication, BACH	fable-5
70203010	Pædagogisk, LVU (compound: 70203010)	Audiologopædi, LVU	Speech and hearing therapy (audiologopedics), LVU	fable-5
30156510	Kontor, handel og forretningsservice (KHF) (compound: 30156510)	Sikkerhedsvagt	Security guard	reused-master
60352210	Naturvidenskab, BACH (compound: 60352210)	Medicinalkemi mv., BACH	Medicinal chemistry etc., BACH	fable-5
60802510	Jordbrug, natur og miljø, BACH (compound: 60802510)	Husdyrvidenskab, BACH	Animal science, BACH	fable-5
70394520	Samfundsvidenskab, LVU (compound: 70394520)	Socialt entrepreneurskab mv., LVU	Social entrepreneurship etc., LVU	fable-5
70359520	Naturvidenskab, LVU (compound: 70359520)	Naturvidenskab i øvrigt, LVU	Other natural sciences, LVU	fable-5
70594010	Teknisk videnskab, LVU (compound: 70594010)	Vindenergi, LVU	Wind energy, LVU	fable-5
30552510	Teknologiområdet, maskinteknik og produktion (TBT) (compound: 30552510)	Vindmølleoperatør	Wind turbine operator	fable-5
60591515	Teknisk videnskab, BACH (compound: 60591515)	Kemi og bioteknologi, BACH	Chemistry and biotechnology, BACH	fable-5
70591515	Teknisk videnskab, LVU (compound: 70591515)	Kemi og bioteknologi, LVU	Chemistry and biotechnology, LVU	fable-5
50852010	Maritimt, MVU (compound: 50852010)	Skibsofficerer uden nærmere angivelse, MVU	Ship officers, not further specified, MVU	fable-5
70352015	Naturvidenskab, LVU (compound: 70352015)	Biomedicn og molekylær biomedicin, LVU	Biomedicine and molecular biomedicine, LVU	fable-5
70258920	Humanistisk og teologisk, LVU (compound: 70258920)	Sprog og virksomhedskommunikation, LVU	Language and corporate communication, LVU	fable-5
60596010	Teknisk videnskab, BACH (compound: 60596010)	Sundhedsteknologi, BACH	Health technology, BACH	fable-5
70259525	Humanistisk og teologisk, LVU (compound: 70259525)	Humanistiske uddannelser i øvrigt, LVU	Other humanities programmes, LVU	fable-5
70352210	Naturvidenskab, LVU (compound: 70352210)	Medicinalkemi mv., LVU	Medicinal chemistry etc., LVU	fable-5
60356015	Naturvidenskab, BACH (compound: 60356015)	Softwareudvikling, BACH	Software development, BACH	fable-5
30902510	Andre erhvervsfaglige uddannelser (compound: 30902510)	Øvrige erhvervsfaglige uddannelser	Other vocational programmes	fable-5
70596020	Teknisk videnskab, LVU (compound: 70596020)	Medicin og teknologi, LVU	Medicine and technology, LVU	fable-5
70592515	Teknisk videnskab, LVU (compound: 70592515)	Byudvikling og byplanlægning mv., LVU	Urban development and town planning etc., LVU	fable-5
60356040	Naturvidenskab, BACH (compound: 60356040)	Naturvidenskabelige it-uddannelser i øvrigt, BACH	Other natural science IT programmes, BACH	fable-5
70393515	Samfundsvidenskab, LVU (compound: 70393515)	Politologiske uddannelser i øvrigt, LVU	Other political science programmes, LVU	fable-5
70802510	Jordbrug, natur og miljø, LVU (compound: 70802510)	Husdyrvidenskab, LVU	Animal science, LVU	fable-5
70596510	Teknisk videnskab, LVU (compound: 70596510)	Teknologi-naturvidenskab, kombineret, LVU	Technology-natural science, combined, LVU	fable-5
60251225	Humanistisk og teologisk, BACH (compound: 60251225)	Arkæologi, nærorientalsk, BACH	Archaeology, Near Eastern, BACH	fable-5
60306515	Kunstnerisk, BACH (compound: 60306515)	Lydteknik, musik, BACH	Sound engineering, music, BACH	fable-5
20203011	Erhvervsrettede gymnasiale uddannelser (compound: 20203011)	Hhx 3-årig, 1. år	HHX three-year, 1st year	fable-5
60257530	Humanistisk og teologisk, BACH (compound: 60257530)	Sprog - international politik og historie, BACH	Language - international politics and history, BACH	fable-5
50589520	Teknisk, MVU (compound: 50589520)	Transportteknisk, MVU	Transport engineering, MVU	fable-5
60909510	Sundhedsvidenskab, BACH (compound: 60909510)	Kiropraktor, BACH	Chiropractor, BACH	fable-5
70909510	Sundhedsvidenskab, LVU (compound: 70909510)	Kiropraktor, LVU	Chiropractor, LVU	fable-5
60394525	Samfundsvidenskab, BACH (compound: 60394525)	Sociologiske uddannelser i øvrigt, BACH	Other sociological programmes, BACH	fable-5
60393515	Samfundsvidenskab, BACH (compound: 60393515)	Politologiske uddannelser i øvrigt, BACH	Other political science programmes, BACH	fable-5
10101020	Grundskole til og med 6. klasse (compound: 10101020)	Grundskole til og med 6. årgang	Primary school up to grade 6	fable-5
60391510	Samfundsvidenskab, BACH (compound: 60391510)	Administration, forvaltning og ledelse, BACH	Administration, public governance and management, BACH	fable-5
60253215	Humanistisk og teologisk, BACH (compound: 60253215)	Retorik, BACH	Rhetoric, BACH	fable-5
60306510	Kunstnerisk, BACH (compound: 60306510)	Music management, BACH	Music management, BACH	fable-5
50851510	Maritimt, MVU (compound: 50851510)	Skibsførere, MVU	Ship masters, MVU	fable-5
50303025	Kunstnerisk, MVU (compound: 50303025)	Filmklipper, MVU	Film editor, MVU	fable-5
60595510	Teknisk videnskab, BACH (compound: 60595510)	Miljøteknologi mv., BACH	Environmental technology etc., BACH	fable-5
30653520	Transport og logistikområdet (TBT) (compound: 30653520)	Postoperatører	Postal operators	fable-5
70257530	Humanistisk og teologisk, LVU (compound: 70257530)	Sprog - international politik og historie, LVU	Language - international politics and history, LVU	fable-5
70592010	Teknisk videnskab, LVU (compound: 70592010)	Nanoteknologi og nanobioteknologi, LVU	Nanotechnology and nanobiotechnology, LVU	fable-5
60259525	Humanistisk og teologisk, BACH (compound: 60259525)	Humanistiske uddannelser i øvrigt, BACH	Other humanities programmes, BACH	fable-5
70394515	Samfundsvidenskab, LVU (compound: 70394515)	Kultursociologi, LVU	Cultural sociology, LVU	fable-5
60395510	Samfundsvidenskab, BACH (compound: 60395510)	Erhvervsøkonomi uden nærmere angivelse, BACH	Business economics, not further specified, BACH	fable-5
70909520	Sundhedsvidenskab, LVU (compound: 70909520)	Optometri og synsvidenskab, LVU	Optometry and vision science, LVU	fable-5
30555510	Teknologiområdet, maskinteknik og produktion (TBT) (compound: 30555510)	Maritime håndværksfag	Maritime Trades	reused-master
70257025	Humanistisk og teologisk, LVU (compound: 70257025)	Klassisk filologi, LVU	Classical philology, LVU	fable-5
60599515	Teknisk videnskab, BACH (compound: 60599515)	Teknologi og forretningsudvikling, BACH	Technology and business development, BACH	fable-5
60903510	Sundhedsvidenskab, BACH (compound: 60903510)	It og sundhedsvidenskab, BACH	IT and health science, BACH	fable-5
40894525	Sundhedsfaglig, KVU (compound: 40894525)	Psykomotorik og afspænding mv., KVU	Psychomotor therapy and relaxation etc., KVU	fable-5
70594015	Teknisk videnskab, LVU (compound: 70594015)	Energiteknologi i øvrigt, LVU	Other energy technology, LVU	fable-5
70805090	Jordbrug, natur og miljø, LVU (compound: 70805090)	Naturressourcer og miljø i øvrigt, LVU	Other natural resources and environment, LVU	fable-5
70251220	Humanistisk og teologisk, LVU (compound: 70251220)	Arkæologi, middelalder, LVU	Archaeology, medieval, LVU	fable-5
70805015	Jordbrug, natur og miljø, LVU (compound: 70805015)	Klimaforandringer, vand og miljø, LVU	Climate change, water and environment, LVU	fable-5
40309010	Kunstnerisk, KVU (compound: 40309010)	Kunstnerisk i øvrigt, KVU	Other artistic, KVU	fable-5
60254010	Humanistisk og teologisk, BACH (compound: 60254010)	Oplevelses-design, BACH	Experience design, BACH	fable-5
30551010	Teknologiområdet, maskinteknik og produktion (TBT) (compound: 30551010)	Maskinteknik og produktion uden nærmere angivelse	Mechanical engineering and production, not further specified	fable-5
40894010	Sundhedsfaglig, KVU (compound: 40894010)	Tandplejer og klinisk tandteknik, KVU	Dental hygienist and clinical dental technology, KVU	fable-5
70599525	Teknisk videnskab, LVU (compound: 70599525)	Teknologi, transportteknik og logistik, LVU	Technology, transport engineering and logistics, LVU	fable-5
30556515	Teknologiområdet, maskinteknik og produktion (TBT) (compound: 30556515)	Urmager	Watchmaker	reused-master
70805020	Jordbrug, natur og miljø, LVU (compound: 70805020)	Naturvidenskabelig miljøplanlægning, LVU	Scientific environmental planning, LVU	fable-5
70394010	Samfundsvidenskab, LVU (compound: 70394010)	Psykologi, LVU	Psychology, LVU	fable-5
70256520	Humanistisk og teologisk, LVU (compound: 70256520)	Tysk, LVU	German, LVU	fable-5
70251510	Humanistisk og teologisk, LVU (compound: 70251510)	Oldtidskundskab, LVU	Classical studies, LVU	fable-5
70255710	Humanistisk og teologisk, LVU (compound: 70255710)	Fransk, LVU	French, LVU	fable-5
50259010	Humanistisk og teologisk, MVU (compound: 50259010)	Erhvervssproglig grundstudium, MVU	Business language basic studies, MVU	fable-5
40259015	Humanistisk og teologisk, KVU (compound: 40259015)	Erhvervssprog, begynderprøve, KVU	Business language, beginner examination, KVU	fable-5
70952525	Politi og forsvar mv., LVU (compound: 70952525)	Officer i søværnet, LVU	Officer in the navy, LVU	fable-5
70258710	Humanistisk og teologisk, LVU (compound: 70258710)	Erhvervssprog, interpret., LVU	Business language, interpreter, LVU	fable-5
30559010	Teknologiområdet, maskinteknik og produktion (TBT) (compound: 30559010)	Modelsnedker	Pattern maker	reused-master
80306540	Kunstnerisk, Ph.d. (compound: 80306540)	Musik og musikpædagogik, Ph.d.	Music and music pedagogy, Ph.d.	fable-5
70255715	Humanistisk og teologisk, LVU (compound: 70255715)	Italiensk, LVU	Italian, LVU	fable-5
70252510	Humanistisk og teologisk, LVU (compound: 70252510)	Idehistorie, LVU	History of ideas, LVU	fable-5
70803510	Jordbrug, natur og miljø, LVU (compound: 70803510)	Skovbrugsvidenskab, LVU	Forestry science, LVU	fable-5
50892510	Sundhedsfaglig, MVU (compound: 50892510)	Omsorgsarbejde, videreuddannelse, MVU	Care work, further education, MVU	fable-5
70394510	Samfundsvidenskab, LVU (compound: 70394510)	Sociologi, LVU	Sociology, LVU	fable-5
70256015	Humanistisk og teologisk, LVU (compound: 70256015)	Græsk, LVU	Greek, LVU	fable-5
50597010	Teknisk videnskab, MVU (compound: 50597010)	Teknologi, produktion og produktudvikling, MVU	Technology, production and product development, MVU	fable-5
50306555	Kunstnerisk, MVU (compound: 50306555)	Musikuddannelser i øvrigt, MVU	Other music programmes, MVU	fable-5
50306540	Kunstnerisk, MVU (compound: 50306540)	Musik og musikpædagogik, MVU	Music and music pedagogy, MVU	fable-5
60252210	Humanistisk og teologisk, BACH (compound: 60252210)	Historie, BACH	History, BACH	fable-5
70257515	Humanistisk og teologisk, LVU (compound: 70257515)	Indianske sprog og kulturer, LVU	Native American languages and cultures, LVU	fable-5
30558510	Teknologiområdet, maskinteknik og produktion (TBT) (compound: 30558510)	Skomager og ortopædiskomager	Shoemaker and orthopaedic shoemaker	fable-5
70354010	Naturvidenskab, LVU (compound: 70354010)	Geologi, LVU	Geology, LVU	fable-5
10301010	Grundskole 10. klasse (compound: 10301010)	10. klasse	10th grade [completed qualification]	reused-master
70255525	Humanistisk og teologisk, LVU (compound: 70255525)	Persisk, LVU	Persian, LVU	fable-5
30203515	Fødevarer mv. (FJO) (compound: 30203515)	Gastronomuddannelser i øvrigt	Other gastronome programmes	fable-5
70802015	Jordbrug, natur og miljø, LVU (compound: 70802015)	Jordbrugsøkonomi, LVU	Agricultural economics, LVU	fable-5
50804510	Jordbrug, natur og miljø, MVU (compound: 50804510)	Landskabsarkitektur og -forvaltning, MVU	Landscape architecture and management, MVU	fable-5
50303010	Kunstnerisk, MVU (compound: 50303010)	Film og tv uddannelser uden nærmere angivelse, MVU	Film and TV programmes, not further specified, MVU	fable-5
30205010	Fødevarer mv. (FJO) (compound: 30205010)	Fødevareuddannelser i øvrigt	Other food programmes	fable-5
50594015	Teknisk videnskab, MVU (compound: 50594015)	Energiteknologi i øvrigt, MVU	Other energy technology, MVU	fable-5
70952515	Politi og forsvar mv., LVU (compound: 70952515)	Officer i flyvevåbnet, LVU	Officer in the air force, LVU	fable-5
60257010	Humanistisk og teologisk, BACH (compound: 60257010)	Klassisk Indisk - sanskrit, BACH	Classical Indian - Sanskrit, BACH	fable-5
60255720	Humanistisk og teologisk, BACH (compound: 60255720)	Portugisisk og brasilliansk, BACH	Portuguese and Brazilian, BACH	fable-5
60803510	Jordbrug, natur og miljø, BACH (compound: 60803510)	Skovbrugsvidenskab, BACH	Forestry science, BACH	fable-5
70255720	Humanistisk og teologisk, LVU (compound: 70255720)	Portugisisk og brasilliansk, LVU	Portuguese and Brazilian, LVU	fable-5
60353020	Naturvidenskab, BACH (compound: 60353020)	Geofysik, BACH	Geophysics, BACH	fable-5
60257515	Humanistisk og teologisk, BACH (compound: 60257515)	Indianske sprog og kulturer, BACH	Native American languages and cultures, BACH	fable-5
70259515	Humanistisk og teologisk, LVU (compound: 70259515)	Æstetik og kultur, LVU	Aesthetics and culture, LVU	fable-5
70351715	Naturvidenskab, LVU (compound: 70351715)	Miljøbiologi, LVU	Environmental biology, LVU	fable-5
30553510	Teknologiområdet, maskinteknik og produktion (TBT) (compound: 30553510)	Beslagsmed	Farrier	reused-master
60805010	Jordbrug, natur og miljø, BACH (compound: 60805010)	Miljøkemi, BACH	Environmental chemistry, BACH	fable-5
70805010	Jordbrug, natur og miljø, LVU (compound: 70805010)	Miljøkemi, LVU	Environmental chemistry, LVU	fable-5
70253215	Humanistisk og teologisk, LVU (compound: 70253215)	Retorik, LVU	Rhetoric, LVU	fable-5
70302015	Kunstnerisk, LVU (compound: 70302015)	Kunstteori og -formidling, LVU	Art theory and dissemination, LVU	fable-5
60594015	Teknisk videnskab, BACH (compound: 60594015)	Energiteknologi i øvrigt, BACH	Other energy technology, BACH	fable-5
50203020	Pædagogisk, MVU (compound: 50203020)	Pædagogik, MVU	Pedagogy, MVU	fable-5
30554010	Teknologiområdet, maskinteknik og produktion (TBT) (compound: 30554010)	Støberitekniker	Foundry technician	reused-master
30556010	Teknologiområdet, maskinteknik og produktion (TBT) (compound: 30556010)	Skibstekniske uddannelser	Marine engineering programmes	fable-5
60353025	Naturvidenskab, BACH (compound: 60353025)	Fysiske fag i øvrigt, BACH	Other physical sciences, BACH	fable-5
60353510	Naturvidenskab, BACH (compound: 60353510)	Geodæsi og geoinformatik, BACH	Geodesy and geoinformatics, BACH	fable-5
60256515	Humanistisk og teologisk, BACH (compound: 60256515)	Nederlandsk, BACH	Dutch, BACH	fable-5
70253210	Humanistisk og teologisk, LVU (compound: 70253210)	Journalistik, LVU	Journalism, LVU	fable-5
30559015	Teknologiområdet, maskinteknik og produktion (TBT) (compound: 30559015)	Overfladebehandler	Surface treater	reused-master
30153510	Kontor, handel og forretningsservice (KHF) (compound: 30153510)	Kundekontaktcenteruddannelse	Customer contact centre programme	fable-5
60903010	Sundhedsvidenskab, BACH (compound: 60903010)	Folkesundhedsvidenskab, BACH	Public health science, BACH	fable-5
60251510	Humanistisk og teologisk, BACH (compound: 60251510)	Oldtidskundskab, BACH	Classical studies, BACH	fable-5
30101010	Omsorg, sundhed og pædagogik (OSP) (compound: 30101010)	Sundhed, omsorg og pædagogik uden nærmere angivelse	Health, care and pedagogy, not further specified	fable-5
60596020	Teknisk videnskab, BACH (compound: 60596020)	Medicin og teknologi, BACH	Medicine and technology, BACH	fable-5
40589530	Teknisk, KVU (compound: 40589530)	Teknisk i øvrigt, KVU	Other technical, KVU	fable-5
60394510	Samfundsvidenskab, BACH (compound: 60394510)	Sociologi, BACH	Sociology, BACH	fable-5
70352010	Naturvidenskab, LVU (compound: 70352010)	Biomedicin, LVU	Biomedicine, LVU	fable-5
70595510	Teknisk videnskab, LVU (compound: 70595510)	Miljøteknologi mv., LVU	Environmental technology etc., LVU	fable-5
30403010	Teknologiområdet, strøm og elektronik mv. (TBT) (compound: 30403010)	Elektronikoperatør	Electronics Operator	reused-master
60352010	Naturvidenskab, BACH (compound: 60352010)	Biomedicin, BACH	Biomedicine, BACH	fable-5
60353710	Naturvidenskab, BACH (compound: 60353710)	Geografi, BACH	Geography, BACH	fable-5
50303030	Kunstnerisk, MVU (compound: 50303030)	Fotograf, film og tv, MVU	Photographer, film and TV, MVU	fable-5
30601015	Teknik- og industriuddannelser i øvrigt (TBT) (compound: 30601015)	Porcelænsmaler	Porcelain Painter	reused-master
60306525	Kunstnerisk, BACH (compound: 60306525)	Sangskrivning, BACH	Songwriting, BACH	fable-5
70306530	Kunstnerisk, LVU (compound: 70306530)	Komponist og dirigent, LVU	Composer and conductor, LVU	fable-5
50894510	Sundhedsfaglig, MVU (compound: 50894510)	Bandagist, MVU	Orthopaedic technician (bandagist), MVU	fable-5
60591520	Teknisk videnskab, BACH (compound: 60591520)	Kemisk og biokemisk teknologi, BACH	Chemical and biochemical technology, BACH	fable-5
70256320	Humanistisk og teologisk, LVU (compound: 70256320)	Kinastudier, LVU	China studies, LVU	fable-5
30551515	Teknologiområdet, maskinteknik og produktion (TBT) (compound: 30551515)	Cnc-teknikuddannelsen	CNC technology programme	fable-5
50304010	Kunstnerisk, MVU (compound: 50304010)	Danseruddannelser, MVU	Dance programmes, MVU	fable-5
50301010	Kunstnerisk, MVU (compound: 50301010)	Kunstnerisk uden nærmere angivelse, MVU	Artistic, not further specified, MVU	fable-5
70256315	Humanistisk og teologisk, LVU (compound: 70256315)	Japanstudier, LVU	Japanese studies, LVU	fable-5
60302010	Kunstnerisk, BACH (compound: 60302010)	Bildende kunst, BACH	Visual arts, BACH	fable-5
30351010	Byggeriområdet (TBT) (compound: 30351010)	Bygge og anlæg uden nærmere angivelse	Building and construction, not further specified	fable-5
70356030	Naturvidenskab, LVU (compound: 70356030)	Interaktionsdesign, LVU	Interaction design, LVU	fable-5
60257520	Humanistisk og teologisk, BACH (compound: 60257520)	Indoeuropæisk, BACH	Indo-European, BACH	fable-5
70257525	Humanistisk og teologisk, LVU (compound: 70257525)	Ungarsk, LVU	Hungarian, LVU	fable-5
50259020	Humanistisk og teologisk, MVU (compound: 50259020)	Erhvervssprog, øvrige uddannelser, MVU	Business language, other programmes, MVU	fable-5
30552015	Teknologiområdet, maskinteknik og produktion (TBT) (compound: 30552015)	Produktør	Producer	reused-master
70257010	Humanistisk og teologisk, LVU (compound: 70257010)	Klassisk Indisk - sanskrit, LVU	Classical Indian - Sanskrit, LVU	fable-5
30403015	Teknologiområdet, strøm og elektronik mv. (TBT) (compound: 30403015)	Forsyningsoperatør	Supply Operator	reused-master
30651510	Transport og logistikområdet (TBT) (compound: 30651510)	Havne- og terminaluddannelser	Port and terminal programmes	fable-5
60254510	Humanistisk og teologisk, BACH (compound: 60254510)	Religion og religionsvidenskab, BACH	Religion and religious studies, BACH	fable-5
30553520	Teknologiområdet, maskinteknik og produktion (TBT) (compound: 30553520)	Metalsmed	Metalsmed	reused-master
70251225	Humanistisk og teologisk, LVU (compound: 70251225)	Arkæologi, nærorientalsk, LVU	Archaeology, Near Eastern, LVU	fable-5
60257510	Humanistisk og teologisk, BACH (compound: 60257510)	Finsk, BACH	Finnish, BACH	fable-5
70257510	Humanistisk og teologisk, LVU (compound: 70257510)	Finsk, LVU	Finnish, LVU	fable-5
50303045	Kunstnerisk, MVU (compound: 50303045)	Instruktør, film og tv, MVU	Director, film and TV, MVU	fable-5
60306520	Kunstnerisk, BACH (compound: 60306520)	Tonemester, musik, BACH	Sound engineer (tonemester), music, BACH	fable-5
50952530	Politi og forsvar mv., MVU (compound: 50952530)	Sprogofficer, MVU	Language officer, MVU	fable-5
50589515	Teknisk, MVU (compound: 50589515)	Teknisk offshore, MVU	Technical offshore, MVU	fable-5
70255515	Humanistisk og teologisk, LVU (compound: 70255515)	Arabisk, LVU	Arabic, LVU	fable-5
60804010	Jordbrug, natur og miljø, BACH (compound: 60804010)	Jordbrug, fødevarer og miljø kombineret, BACH	Agriculture, food and environment combined, BACH	fable-5
60599530	Teknisk videnskab, BACH (compound: 60599530)	Teknisk videnskab i øvrigt, BACH	Other engineering science, BACH	fable-5
70596010	Teknisk videnskab, LVU (compound: 70596010)	Sundhedsteknologi, LVU	Health technology, LVU	fable-5
60304510	Kunstnerisk, BACH (compound: 60304510)	Skuespiller, BACH	Actor, BACH	fable-5
70599520	Teknisk videnskab, LVU (compound: 70599520)	Teknologi, råstofudvinding, LVU	Technology, raw materials extraction, LVU	fable-5
60257110	Humanistisk og teologisk, BACH (compound: 60257110)	Oldtidssprog, BACH	Ancient languages, BACH	fable-5
40305510	Kunstnerisk, KVU (compound: 40305510)	Kunsthåndværk, KVU	Arts and crafts, KVU	fable-5
50258210	Humanistisk og teologisk, MVU (compound: 50258210)	Erhvervssprog, afgangseksamen EA, MVU	Business language, EA final examination, MVU	fable-5
50303020	Kunstnerisk, MVU (compound: 50303020)	Manuskriptuddannelse, film og tv, MVU	Screenwriting programme, film and TV, MVU	fable-5
60355510	Naturvidenskab, BACH (compound: 60355510)	Statistik, BACH	Statistics, BACH	fable-5
50303515	Kunstnerisk, MVU (compound: 50303515)	Sceneinstruktør, MVU	Stage director, MVU	fable-5
30558010	Teknologiområdet, maskinteknik og produktion (TBT) (compound: 30558010)	Ortopædist	Orthopedist	reused-master
50303040	Kunstnerisk, MVU (compound: 50303040)	Filmproducer, MVU	Film producer, MVU	fable-5
70351720	Naturvidenskab, LVU (compound: 70351720)	Parasitologi, LVU	Parasitology, LVU	fable-5
70257535	Humanistisk og teologisk, LVU (compound: 70257535)	Tolk i fremmedsprog, LVU	Interpreter in foreign languages, LVU	fable-5
50303520	Kunstnerisk, MVU (compound: 50303520)	Scenograf, MVU	Scenographer, MVU	fable-5
30404015	Teknologiområdet, strøm og elektronik mv. (TBT) (compound: 30404015)	Frontline radio-tv-supporter	Frontline Radio-TV Supporter	reused-master
70257520	Humanistisk og teologisk, LVU (compound: 70257520)	Indoeuropæisk, LVU	Indo-European, LVU	fable-5
60253015	Humanistisk og teologisk, BACH (compound: 60253015)	Kultur og sprogmøde, BACH	Culture and language encounters, BACH	fable-5
70903510	Sundhedsvidenskab, LVU (compound: 70903510)	It og sundhedsvidenskab, LVU	IT and health science, LVU	fable-5
30501530	Teknologiområdet, cykel-, auto- og skibsmekanik mv. (TBT) (compound: 30501530)	Bådmekaniker	Boat Mechanic	reused-master
50303050	Kunstnerisk, MVU (compound: 50303050)	Tv studieproducer og tv-tilrettelægger, MVU	TV studio producer and TV production planner, MVU	fable-5
30155010	Kontor, handel og forretningsservice (KHF) (compound: 30155010)	Ejendoms- og anden service uden nærmere angivelse	Property and other services, not further specified	fable-5
70251230	Humanistisk og teologisk, LVU (compound: 70251230)	Marinarkæologi, LVU	Maritime archaeology, LVU	fable-5
70599510	Teknisk videnskab, LVU (compound: 70599510)	Teknisk, beredskab og risikostyring, LVU	Technical, emergency preparedness and risk management, LVU	fable-5
60303515	Kunstnerisk, BACH (compound: 60303515)	Sceneinstruktør, BACH	Stage director, BACH	fable-5
60355010	Naturvidenskab, BACH (compound: 60355010)	Matematik, BACH	Mathematics, BACH	fable-5
70306020	Kunstnerisk, LVU (compound: 70306020)	Konservering - restaurering, kulturhistorisk, LVU	Conservation-restoration, cultural history, LVU	fable-5
60256215	Humanistisk og teologisk, BACH (compound: 60256215)	Indonesisk, BACH	Indonesian, BACH	fable-5
60752515	Fødevarer, Bio- og laboratorieteknik, BACH (compound: 60752515)	Mejeribrugsvidenskab, BACH	Dairy science, BACH	fable-5
60593510	Teknisk videnskab, BACH (compound: 60593510)	Elektronik i øvrigt, BACH	Other electronics, BACH	fable-5
30252520	Jordbrug og natur (FJO) (compound: 30252520)	Skovbrug, efteruddannelse	Forestry, continuing education	fable-5
30355530	Byggeriområdet (TBT) (compound: 30355530)	Stukkatør	Plasterer	reused-master
70306520	Kunstnerisk, LVU (compound: 70306520)	Tonemester, musik, LVU	Sound engineer (tonemester), music, LVU	fable-5
60392515	Samfundsvidenskab, BACH (compound: 60392515)	EU-studier og europæiske studier, BACH	EU studies and European studies, BACH	fable-5
70306025	Kunstnerisk, LVU (compound: 70306025)	Konservering - restaurering, kunst, LVU	Conservation-restoration, art, LVU	fable-5
70392515	Samfundsvidenskab, LVU (compound: 70392515)	EU-studier og europæiske studier, LVU	EU studies and European studies, LVU	fable-5
40801010	Jordbrug, natur og miljø, KVU (compound: 40801010)	Jordbrug, natur og miljø uden nærmere angivelse, KVU	Agriculture, nature and environment, not further specified, KVU	fable-5
60356030	Naturvidenskab, BACH (compound: 60356030)	Interaktionsdesign, BACH	Interaction design, BACH	fable-5
70252515	Humanistisk og teologisk, LVU (compound: 70252515)	Videnskabshistorie, LVU	History of science, LVU	fable-5
50303035	Kunstnerisk, MVU (compound: 50303035)	Tonemester, film og tv, MVU	Sound engineer (tonemester), film and TV, MVU	fable-5
70306015	Kunstnerisk, LVU (compound: 70306015)	Konservering - restaurering, grafisk, LVU	Conservation-restoration, graphic, LVU	fable-5
70356035	Naturvidenskab, LVU (compound: 70356035)	Medialogi, LVU	Medialogy, LVU	fable-5
30404010	Teknologiområdet, strøm og elektronik mv. (TBT) (compound: 30404010)	Frontline pc-supporter	Frontline PC supporter	fable-5
80306555	Kunstnerisk, Ph.d. (compound: 80306555)	Musikuddannelser i øvrigt, Ph.d.	Other music programmes, Ph.d.	fable-5
60392010	Samfundsvidenskab, BACH (compound: 60392010)	Antropologi, BACH	Anthropology, BACH	fable-5
50381010	Samfundsfaglig, Økonomisk-Merkantil, MVU (compound: 50381010)	Samfundsfaglig, Økonomisk-Merkantil uden nærmere angivelse, MVU	Social science, economic-mercantile, not further specified, MVU	fable-5
60394010	Samfundsvidenskab, BACH (compound: 60394010)	Psykologi, BACH	Psychology, BACH	fable-5
70257110	Humanistisk og teologisk, LVU (compound: 70257110)	Oldtidssprog, LVU	Ancient languages, LVU	fable-5
30401010	Teknologiområdet, strøm og elektronik mv. (TBT) (compound: 30401010)	Strøm og elektronik uden nærmere angivelse	Electricity and electronics, not further specified	fable-5
70304010	Kunstnerisk, LVU (compound: 70304010)	Danseruddannelser, LVU	Dance programmes, LVU	fable-5
70352510	Naturvidenskab, LVU (compound: 70352510)	Nanoscience og nanobioscience, LVU	Nanoscience and nanobioscience, LVU	fable-5
30254010	Jordbrug og natur (FJO) (compound: 30254010)	Jordbrug og natur i øvrigt	Other agriculture and nature	fable-5
60592515	Teknisk videnskab, BACH (compound: 60592515)	Byudvikling og byplanlægning mv., BACH	Urban development and town planning etc., BACH	fable-5
70256515	Humanistisk og teologisk, LVU (compound: 70256515)	Nederlandsk, LVU	Dutch, LVU	fable-5
20303010	Internationale gymnasiale uddannelser (compound: 20303010)	Dansk-Tysk studentereksamen	Danish-German upper secondary leaving examination	fable-5
60256330	Humanistisk og teologisk, BACH (compound: 60256330)	Tibetologi, BACH	Tibetology, BACH	fable-5
30451010	Teknologiområdet, grafisk teknik og medieproduktion (TBT) (compound: 30451010)	Grafisk teknik og medieproduktion uden nærmere angivelse	Graphic technology and media production, not further specified	fable-5
70307010	Kunstnerisk, LVU (compound: 70307010)	Scenekunst, LVU	Performing arts, LVU	fable-5
70255520	Humanistisk og teologisk, LVU (compound: 70255520)	Hebraisk, LVU	Hebrew, LVU	fable-5
20304010	Internationale gymnasiale uddannelser (compound: 20304010)	Dansk-Fransk Bacalaurétte	Danish-French Baccalauréat	fable-5
70255725	Humanistisk og teologisk, LVU (compound: 70255725)	Rumænsk, LVU	Romanian, LVU	fable-5
60395010	Samfundsvidenskab, BACH (compound: 60395010)	Økonomi, BACH	Economics, BACH	fable-5
60255530	Humanistisk og teologisk, BACH (compound: 60255530)	Tyrkisk, BACH	Turkish, BACH	fable-5
60393010	Samfundsvidenskab, BACH (compound: 60393010)	Jura, BACH	Law, BACH	fable-5
70256210	Humanistisk og teologisk, LVU (compound: 70256210)	Indien og Sydasienstudier, LVU	India and South Asia studies, LVU	fable-5
60255520	Humanistisk og teologisk, BACH (compound: 60255520)	Hebraisk, BACH	Hebrew, BACH	fable-5
60303510	Kunstnerisk, BACH (compound: 60303510)	Teaterteknik, BACH	Theatre technology, BACH	fable-5
50585015	Teknisk, MVU (compound: 50585015)	Teknisk, tekstil- og beklædning, MVU	Technical, textiles and clothing, MVU	fable-5
80306530	Kunstnerisk, Ph.d. (compound: 80306530)	Komponist og dirigent, Ph.d.	Composer and conductor, Ph.d.	fable-5
60306530	Kunstnerisk, BACH (compound: 60306530)	Komponist og dirigent, BACH	Composer and conductor, BACH	fable-5
60257525	Humanistisk og teologisk, BACH (compound: 60257525)	Ungarsk, BACH	Hungarian, BACH	fable-5
70355510	Naturvidenskab, LVU (compound: 70355510)	Statistik, LVU	Statistics, LVU	fable-5
70256215	Humanistisk og teologisk, LVU (compound: 70256215)	Indonesisk, LVU	Indonesian, LVU	fable-5
60354710	Naturvidenskab, BACH (compound: 60354710)	Kemi, BACH	Chemistry, BACH	fable-5
30902010	Andre erhvervsfaglige uddannelser (compound: 30902010)	Forsvaret	The Danish Defence	fable-5
60304010	Kunstnerisk, BACH (compound: 60304010)	Dans, BACH	Dance, BACH	fable-5
60255725	Humanistisk og teologisk, BACH (compound: 60255725)	Rumænsk, BACH	Romanian, BACH	fable-5
30601025	Teknik- og industriuddannelser i øvrigt (TBT) (compound: 30601025)	Teknik- og industriuddannelser i øvrigt	Other technical and industrial programmes	fable-5
60354510	Naturvidenskab, BACH (compound: 60354510)	Idræt, BACH	Sports science, BACH	fable-5
70256220	Humanistisk og teologisk, LVU (compound: 70256220)	Thai, LVU	Thai, LVU	fable-5
60256520	Humanistisk og teologisk, BACH (compound: 60256520)	Tysk, BACH	German, BACH	fable-5
70306030	Kunstnerisk, LVU (compound: 70306030)	Konservering - restaurering, monumental, LVU	Conservation-restoration, monumental, LVU	fable-5
70255530	Humanistisk og teologisk, LVU (compound: 70255530)	Tyrkisk, LVU	Turkish, LVU	fable-5
70256330	Humanistisk og teologisk, LVU (compound: 70256330)	Tibetologi, LVU	Tibetology, LVU	fable-5
70359510	Naturvidenskab, LVU (compound: 70359510)	Bioinformatik, LVU	Bioinformatics, LVU	fable-5
20306010	Internationale gymnasiale uddannelser (compound: 20306010)	European Baccalaureate	European Baccalaureate	fable-5
10201012	Grundskole 7.-9. klasse (compound: 10201012)	9. klasse	9th grade [completed qualification]	reused-master
90992010	Uoplyst mv. (compound: 90992010)	Afbrudt	Discontinued	reused-master
30911111	Grundforløb (compound: 30911111)	Grundforløb	Foundation course	reused-master
10201011	Grundskole 7.-9. klasse (compound: 10201011)	8.klasse	8th grade	fable-5
20102011	Alment gymnasiale uddannelser (compound: 20102011)	HF 2-årig, 1. år	HF two-year, 1st year	fable-5
20203012	Erhvervsrettede gymnasiale uddannelser (compound: 20203012)	Hhx 3-årig, 2. år	HHX three-year, 2nd year	fable-5
20203013	Erhvervsrettede gymnasiale uddannelser (compound: 20203013)	Hhx 3-årig, 3. år	HHX three-year, 3rd year	fable-5
20101011	Alment gymnasiale uddannelser (compound: 20101011)	Gymnasiet uden linieopdeling, 1.g.	Gymnasium (general upper secondary) without streaming, year 1	fable-5
20101012	Alment gymnasiale uddannelser (compound: 20101012)	Gymnasiet uden linieopdeling, 2.g.	Gymnasium (general upper secondary) without streaming, year 2	fable-5
20101013	Alment gymnasiale uddannelser (compound: 20101013)	Gymnasiet uden linieopdeling, 3.g.	Gymnasium (general upper secondary) without streaming, year 3	fable-5
20101021	Alment gymnasiale uddannelser (compound: 20101021)	Matematisk gymnasium, 1.g.	Mathematics-stream gymnasium, year 1	fable-5
20101022	Alment gymnasiale uddannelser (compound: 20101022)	Matematisk gymnasium, 2.g.	Mathematics-stream gymnasium, year 2	fable-5
20101023	Alment gymnasiale uddannelser (compound: 20101023)	Matematisk gymnasium, 3.g.	Mathematics-stream gymnasium, year 3	fable-5
90994010	Uoplyst mv. (compound: 90994010)	Igang	In progress	reused-master
20101031	Alment gymnasiale uddannelser (compound: 20101031)	Sproglig gymnasium 1.g.	Language-stream gymnasium, year 1	fable-5
20101032	Alment gymnasiale uddannelser (compound: 20101032)	Sproglig gymnasium 2.g.	Language-stream gymnasium, year 2	fable-5
20101033	Alment gymnasiale uddannelser (compound: 20101033)	Sproglig gymnasium 3.g.	Language-stream gymnasium, year 3	fable-5
20102012	Alment gymnasiale uddannelser (compound: 20102012)	HF 2-årig, 2. år	HF two-year, 2nd year	fable-5
30251528	Jordbrug og natur (FJO) (compound: 30251528)	Havecentergartner	Garden-centre gardener [completed qualification]	reused-master
20204011	Erhvervsrettede gymnasiale uddannelser (compound: 20204011)	Htx, 1. år	HTX, 1st year	fable-5
20204012	Erhvervsrettede gymnasiale uddannelser (compound: 20204012)	Htx, 2. år	HTX, 2nd year	fable-5
20204013	Erhvervsrettede gymnasiale uddannelser (compound: 20204013)	Htx, 3. år	HTX, 3rd year	fable-5
70305015	Kunstnerisk, LVU (compound: 70305015)	Designer, digitale medier, kommunikation, LVU	Designer, digital media, communication, LVU	fable-5
20103011	Alment gymnasiale uddannelser (compound: 20103011)	Studenterkursus uden linieopdeling 1. år	Studenterkursus without streaming, 1st year	fable-5
20103012	Alment gymnasiale uddannelser (compound: 20103012)	Studenterkursus uden linieopdeling 2. år	Studenterkursus without streaming, 2nd year	fable-5
10201010	Grundskole 7.-9. klasse (compound: 10201010)	7. klasse	7th grade [completed qualification]	reused-master
10101012	Grundskole til og med 6. klasse (compound: 10101012)	2. klasse	2nd grade [completed qualification]	reused-master
20302021	Internationale gymnasiale uddannelser (compound: 20302021)	International Baccalaureate, 1. år	International Baccalaureate, 1st year	fable-5
20302022	Internationale gymnasiale uddannelser (compound: 20302022)	International Baccalaureate, 2. år	International Baccalaureate, 2nd year	fable-5
10101016	Grundskole til og med 6. klasse (compound: 10101016)	6. klasse	6th grade [completed qualification]	reused-master
10101015	Grundskole til og med 6. klasse (compound: 10101015)	5. klasse	5th Grade [completed qualification]	reused-master
10101014	Grundskole til og med 6. klasse (compound: 10101014)	4. klasse	4th grade [completed qualification]	reused-master
10101013	Grundskole til og med 6. klasse (compound: 10101013)	3. klasse	3rd grade [completed qualification]	reused-master
20103032	Alment gymnasiale uddannelser (compound: 20103032)	Sproglig studenterkursus 2. år	Language-stream studenterkursus, 2nd year	fable-5
40258010	Humanistisk og teologisk, KVU (compound: 40258010)	1 erhverssprog, korrespondent, KVU	One business language, correspondent, KVU	fable-5
20103022	Alment gymnasiale uddannelser (compound: 20103022)	Matematisk studenterkursus 2. år	Mathematics-stream studenterkursus, 2nd year	fable-5
20103031	Alment gymnasiale uddannelser (compound: 20103031)	Sproglig studenterkursus 1. år	Language-stream studenterkursus, 1st year	fable-5
60305020	Kunstnerisk, BACH (compound: 60305020)	Designer, grafisk design, BACH	Designer, graphic design, BACH	fable-5
20103021	Alment gymnasiale uddannelser (compound: 20103021)	Matematisk studenterkursus 1. år	Mathematics-stream studenterkursus, 1st year	fable-5
60305045	Kunstnerisk, BACH (compound: 60305045)	Designer, møbel, rum, indretning, BACH	Designer, furniture, space, interior design, BACH	fable-5
60306015	Kunstnerisk, BACH (compound: 60306015)	Konservering - restaurering, grafisk, BACH	Conservation-restoration, graphic, BACH	fable-5
60305040	Kunstnerisk, BACH (compound: 60305040)	Designer, mode, tekstil, beklædning, BACH	Designer, fashion, textiles, clothing, BACH	fable-5
60305035	Kunstnerisk, BACH (compound: 60305035)	Designer, keramik og glas, BACH	Designer, ceramics and glass, BACH	fable-5
70305045	Kunstnerisk, LVU (compound: 70305045)	Designer, møbel, rum, indretning, LVU	Designer, furniture, space, interior design, LVU	fable-5
30251527	Jordbrug og natur (FJO) (compound: 30251527)	Planteskolegartner	Plant-nursery gardener [completed qualification]	reused-master
70252625	Humanistisk og teologisk, LVU (compound: 70252625)	Musikvidenskab, LVU	Musicology, LVU	fable-5
60306020	Kunstnerisk, BACH (compound: 60306020)	Konservering - restaurering, kulturhistorisk, BACH	Conservation-restoration, cultural history, BACH	fable-5
60305015	Kunstnerisk, BACH (compound: 60305015)	Designer, digitale medier, kommunikation, BACH	Designer, digital media, communication, BACH	fable-5
70305020	Kunstnerisk, LVU (compound: 70305020)	Designer, grafisk design, LVU	Designer, graphic design, LVU	fable-5
70305030	Kunstnerisk, LVU (compound: 70305030)	Designer, industriel design, LVU	Designer, industrial design, LVU	fable-5
60305030	Kunstnerisk, BACH (compound: 60305030)	Designer, industriel design, BACH	Designer, industrial design, BACH	fable-5
70256025	Humanistisk og teologisk, LVU (compound: 70256025)	Russisk, LVU	Russian, LVU	fable-5
70256030	Humanistisk og teologisk, LVU (compound: 70256030)	Serbokroatisk, LVU	Serbo-Croatian, LVU	fable-5
10101010	Grundskole til og med 6. klasse (compound: 10101010)	0. klasse	Grade 0 (kindergarten class)	fable-5
50802016	Jordbrug, natur og miljø, MVU (compound: 50802016)	Jordbrugsbiologi, MVU	Agricultural biology, MVU	fable-5
60306025	Kunstnerisk, BACH (compound: 60306025)	Konservering - restaurering, kunst, BACH	Conservation-restoration, art, BACH	fable-5
70305040	Kunstnerisk, LVU (compound: 70305040)	Designer, mode, tekstil, beklædning, LVU	Designer, fashion, textiles, clothing, LVU	fable-5
70306550	Kunstnerisk, LVU (compound: 70306550)	Musikteori, LVU	Music theory, LVU	fable-5
70353510	Naturvidenskab, LVU (compound: 70353510)	Geodæsi og geoinformatik, LVU	Geodesy and geoinformatics, LVU	fable-5
70257020	Humanistisk og teologisk, LVU (compound: 70257020)	Latin, LVU	Latin, LVU	fable-5
70305035	Kunstnerisk, LVU (compound: 70305035)	Designer, keramik og glas, LVU	Designer, ceramics and glass, LVU	fable-5
10101011	Grundskole til og med 6. klasse (compound: 10101011)	1. klasse	First Class [completed qualification]	reused-master
70305050	Kunstnerisk, LVU (compound: 70305050)	Designer, unika design, LVU	Designer, one-off (unika) design, LVU	fable-5
60303520	Kunstnerisk, BACH (compound: 60303520)	Scenograf, BACH	Scenographer, BACH	fable-5
70256020	Humanistisk og teologisk, LVU (compound: 70256020)	Polsk, LVU	Polish, LVU	fable-5
60306030	Kunstnerisk, BACH (compound: 60306030)	Konservering - restaurering, monumental, BACH	Conservation-restoration, monumental, BACH	fable-5
60306035	Kunstnerisk, BACH (compound: 60306035)	Konservering - restaurering, naturhistorisk, BACH	Conservation-restoration, natural history, BACH	fable-5
60301010	Kunstnerisk, BACH (compound: 60301010)	Kunstnerisk uden nærmere angivelse, BACH	Artistic, not further specified, BACH	fable-5
70256035	Humanistisk og teologisk, LVU (compound: 70256035)	Tjekkisk, LVU	Czech, LVU	fable-5
70257015	Humanistisk og teologisk, LVU (compound: 70257015)	Klassisk græsk-romersk , LVU	Classical Graeco-Roman, LVU	fable-5
60353015	Naturvidenskab, BACH (compound: 60353015)	Fysik, BACH	Physics, BACH	fable-5
60905010	Sundhedsvidenskab, BACH (compound: 60905010)	Medicin, BACH	Medicine, BACH	fable-5
60251215	Humanistisk og teologisk, BACH (compound: 60251215)	Arkæologi, klassisk, BACH	Archaeology, classical, BACH	fable-5
60355015	Naturvidenskab, BACH (compound: 60355015)	Matematik og økonomi, BACH	Mathematics and economics, BACH	fable-5
60256315	Humanistisk og teologisk, BACH (compound: 60256315)	Japanstudier, BACH	Japanese studies, BACH	fable-5
60905510	Sundhedsvidenskab, BACH (compound: 60905510)	Odontologi, BACH	Odontology (dentistry), BACH	fable-5
60301510	Kunstnerisk, BACH (compound: 60301510)	Arkitektur, BACH	Architecture, BACH	fable-5
60352015	Naturvidenskab, BACH (compound: 60352015)	Biomedicn og molekylær biomedicin, BACH	Biomedicine and molecular biomedicine, BACH	fable-5
60256210	Humanistisk og teologisk, BACH (compound: 60256210)	Indien og Sydasienstudier, BACH	India and South Asia studies, BACH	fable-5
60259710	Humanistisk og teologisk, BACH (compound: 60259710)	Teologi, BACH	Theology, BACH	fable-5
60256320	Humanistisk og teologisk, BACH (compound: 60256320)	Kinastudier, BACH	China studies, BACH	fable-5
60594510	Teknisk videnskab, BACH (compound: 60594510)	Landinspektørvidenskab, BACH	Chartered surveying science, BACH	fable-5
60305050	Kunstnerisk, BACH (compound: 60305050)	Designer,mode,accessories,BACH	Designer, fashion, accessories, BACH	fable-5
50384510	Samfundsfaglig, Økonomisk-Merkantil, MVU (compound: 50384510)	Erhvervsøkonomi, HD, MVU	Business economics, HD, MVU	fable-5
39155010	Kontor, handel og forretningsservice, AMU (compound: 39155010)	Ejendoms- og anden service, AMU	Property and other services, AMU	fable-5
20305010	Internationale gymnasiale uddannelser (compound: 20305010)	Andre udenlandske gymnasiale uddannelser	Other foreign upper secondary programmes	fable-5
40891010	Sundhedsfaglig, KVU (compound: 40891010)	Sundhedsfaglig uddannelse uden nærmere angivelse, KVU	Health programme, not further specified, KVU	fable-5
90991020	Uoplyst mv. (compound: 90991020)	Uoplyst (indvandrernes uddannelse)	Undefined (Immigrants' Education)	reused-master
10011010	Ingen uddannelse (compound: 10011010)	Ingen uddannelse Indv.udd	No education (immigrant education record)	fable-5
40241010	Medier og kommunikation, KVU (compound: 40241010)	Kommunikation og formidling uden nærmere angivelse, KVU	Communication and dissemination, not further specified, KVU	fable-5
50201010	Pædagogisk, MVU (compound: 50201010)	Pædagogiske uddannelser uden nærmere angivelse, MVU	Pedagogical programmes, not further specified, MVU	fable-5
40381010	Samfundsfaglig, Økonomisk-Merkantil, KVU (compound: 40381010)	Samfundsfaglig, Økonomisk-Merkantil uden nærmere angivelse, KVU	Social science, economic-mercantile, not further specified, KVU	fable-5
39101510	Omsorg, sundhed og pædagogik, AMU (compound: 39101510)	Pædagogisk arbejde med børn og unge i øvrigt, AMU	Other pedagogical work with children and young people, AMU	fable-5
50951010	Politi og forsvar mv., MVU (compound: 50951010)	Politi og forsvar uden nærmere angivelse, MVU	Police and defence, not further specified, MVU	fable-5
50241010	Medier og kommunikation, MVU (compound: 50241010)	Kommunikation og formidling uden nærmere angivelse, MVU	Communication and dissemination, not further specified, MVU	fable-5
50801010	Jordbrug, natur og miljø, MVU (compound: 50801010)	Jordbrug, natur og miljø uden nærmere angivelse, MVU	Agriculture, nature and environment, not further specified, MVU	fable-5
40581010	Teknisk, KVU (compound: 40581010)	Teknisk uden nærmere angivelse, KVU	Technical, not further specified, KVU	fable-5
70201010	Pædagogisk, LVU (compound: 70201010)	Pædagogiske uddannelser uden nærmere angivelse, LVU	Pedagogical programmes, not further specified, LVU	fable-5
50891010	Sundhedsfaglig, MVU (compound: 50891010)	Sundhedsfaglig uddannelse uden nærmere angivelse, MVU	Health programme, not further specified, MVU	fable-5
50258215	Humanistisk og teologisk, MVU (compound: 50258215)	Erhvervssprog, diplomprøve ED, MVU	Business language, ED diploma examination, MVU	fable-5
39654010	Transport og logistikområdet, AMU (compound: 39654010)	Transport- og logistik i øvrigt, AMU	Other transport and logistics, AMU	fable-5
70971010	Videregående uddannelser uden nærmere angivelse, LVU (compound: 70971010)	Videregående uddannelser uden nærmere angivelse, LVU	Higher education, not further specified, LVU	fable-5
40202515	Pædagogisk, KVU (compound: 40202515)	Andre pædagogiske uddannelser, KVU	Other pedagogical programmes, KVU	fable-5
80971010	Videregående uddannelser uden nærmere angivelse, Ph.d. (compound: 80971010)	Videregående uddannelser uden nærmere angivelse, Ph.d.	Higher education, not further specified, Ph.d.	fable-5
70901010	Sundhedsvidenskab, LVU (compound: 70901010)	Sundhedsvidenskab uden nærmere angivelse, LVU	Health science, not further specified, LVU	fable-5
39551060	Teknologiområdet, maskinteknik og produktion, AMU (compound: 39551060)	Maskinteknik og produktion uden nærmere angivelse, AMU	Mechanical engineering and production, not further specified, AMU	fable-5
39351010	Byggeriområdet, AMU (compound: 39351010)	Bygge og anlæg uden nærmere angivelse, AMU	Building and construction, not further specified, AMU	fable-5
15201010	Introducerende og erhvervsrettede forløb (compound: 15201010)	Husholdningskursus, alment	Household Course, General [completed qualification]	reused-master
40301010	Kunstnerisk, KVU (compound: 40301010)	Kunstnerisk uden nærmere angivelse, KVU	Artistic, not further specified, KVU	fable-5
39553525	Teknologiområdet, maskinteknik og produktion, AMU (compound: 39553525)	Jern og metal, AMU	Iron and metal, AMU	fable-5
60971010	Videregående uddannelser uden nærmere angivelse, BACH (compound: 60971010)	Videregående uddannelser uden nærmere angivelse, BACH	Higher education, not further specified, BACH	fable-5
50971010	Videregående uddannelser uden nærmere angivelse, MVU (compound: 50971010)	Videregående uddannelser uden nærmere angivelse, MVU	Higher education, not further specified, MVU	fable-5
40751010	Fødevarer, bio- og laboratorieteknik, KVU (compound: 40751010)	Fødevarer, bio- og laboratorieteknik uden nærmere angivelse, KVU	Food, bio- and laboratory technology, not further specified, KVU	fable-5
70951010	Politi og forsvar mv., LVU (compound: 70951010)	Politi og forsvar uden nærmere angivelse, LVU	Police and defence, not further specified, LVU	fable-5
39152510	Kontor, handel og forretningsservice, AMU (compound: 39152510)	Engros- og detailhandel, AMU	Wholesale and retail trade, AMU	fable-5
40971010	Videregående uddannelser uden nærmere angivelse, KVU (compound: 40971010)	Videregående uddannelser uden nærmere angivelse, KVU	Higher education, not further specified, KVU	fable-5
39254010	Jordbrug og natur, AMU (compound: 39254010)	Jordbrug og natur i øvrigt, AMU	Other agriculture and nature, AMU	fable-5
30971010	Erhvervsfaglige uddannelser uden nærmere angivelse (compound: 30971010)	Erhvervsfaglige uddannelser uden nærmere angivelse	Vocational programmes, not further specified	fable-5
50202510	Pædagogisk, MVU (compound: 50202510)	Underviser i dansk som andetsprog, MVU	Teacher of Danish as a second language, MVU	fable-5
70952510	Politi og forsvar mv., LVU (compound: 70952510)	Officer i forsvaret uden nærmere angivelse, LVU	Officer in the armed forces, not further specified, LVU	fable-5
50952510	Politi og forsvar mv., MVU (compound: 50952510)	Officer i forsvaret uden nærmere angivelse, MVU	Officer in the armed forces, not further specified, MVU	fable-5
39101010	Omsorg, sundhed og pædagogik, AMU (compound: 39101010)	Sundhed og omsorg, AMU	Health and care, AMU	fable-5
70909515	Sundhedsvidenskab, LVU (compound: 70909515)	Ledelse i sundhedssektoren, LVU	Management in the health sector, LVU	fable-5
50203015	Pædagogisk, MVU (compound: 50203015)	Didaktik og undervisningsteori, MVU	Didactics and teaching theory, MVU	fable-5
39202030	Fødevarer, AMU (compound: 39202030)	Fødevarer i øvrigt, AMU	Other food subjects, AMU	fable-5
70202510	Pædagogisk, LVU (compound: 70202510)	Underviser i dansk som andetsprog, LVU	Teacher of Danish as a second language, LVU	fable-5
40584010	Teknisk, KVU (compound: 40584010)	Sundheds- og omsorgsteknologi, KVU	Health and care technology, KVU	fable-5
70301010	Kunstnerisk, LVU (compound: 70301010)	Kunstnerisk uden nærmere angivelse, LVU	Artistic, not further specified, LVU	fable-5
50805090	Jordbrug, natur og miljø, MVU (compound: 50805090)	Naturressourcer og miljø i øvrigt, MVU	Other natural resources and environment, MVU	fable-5
50589525	Teknisk, MVU (compound: 50589525)	Grafisk-teknisk, MVU	Graphic-technical, MVU	fable-5
70801010	Jordbrug, natur og miljø, LVU (compound: 70801010)	Jordbrug, natur og miljø uden nærmere angivelse, LVU	Agriculture, nature and environment, not further specified, LVU	fable-5
80203020	Pædagogisk, Ph.d. (compound: 80203020)	Pædagogik, Ph.d.	Pedagogy, Ph.d.	fable-5
80253510	Humanistisk og teologisk, Ph.d. (compound: 80253510)	Informationsvidenskab mv., Ph.d.	Information science etc., Ph.d.	fable-5
70252215	Humanistisk og teologisk, LVU (compound: 70252215)	Europas historie, LVU	History of Europe, LVU	fable-5
39453010	Teknologiområdet, grafisk teknik og medieproduktion, AMU (compound: 39453010)	Grafisk teknik, AMU	Graphic technology, AMU	fable-5
