# id	specialty_en	description_da	auto_en
86	Anaesthesiology	Anæsthesiologi, læ anæ.ifm ørelægebi	Anaesthesiology, Læ anæ.in connection with ørelægebi
161	Ophthalmology service	Øjenlægehjælp, Fjernelse Af ¯je An.	Ophthalmology service, Removal of øje anaesthesia
191	Ophthalmology service	Øjenlægehjælp, Ope. Indad. ¯jenl.An	Ophthalmology service, Operation indad. øjenl.an
193	Ophthalmology service	Øjenlægehjælp, Ope. Udad. ¯jenl. An	Ophthalmology service, Operation udad. øjenl. an
231	Ophthalmology service	Øjenlægehjælp, YAGlaser følg.opera.	Ophthalmology service, YAG laser følg.opera.
238	Ophthalmology service	Øjenlægehjælp, opr.grå st.indl.intr	Ophthalmology service, Opr.grå st.indl.intr
255	Orthopaedic surgery	Ortopædisk kirurgi, Art knæ stør flg op	Orthopaedic surgery, Art knee stør flg op
305	Orthopaedic surgery	Ortopædisk kirurgi, Op. Kon. Håndf. 1.An	Orthopaedic surgery, Operation kon. håndf. 1.an
306	Orthopaedic surgery	Ortopædisk kirurgi, Op. Kon.Håndf. Fg.An	Orthopaedic surgery, Operation kon.håndf. fg.an
309	Orthopaedic surgery	Ortopædisk kirurgi, Op. Slidg. St.Tå Flg	Orthopaedic surgery, Operation osteoarthritis. st.tå flg
310	Orthopaedic surgery	Ortopædisk kirurgi, Op. Slidg.St.Tå 1.An	Orthopaedic surgery, Operation osteoarthritis.st.tå 1.an
311	Orthopaedic surgery	Ortopædisk kirurgi, Op. Slidgigt St.Tå 1	Orthopaedic surgery, Operation osteoarthritis st.tå 1
314	Orthopaedic surgery	Ortopædisk kirurgi, Op.Slidg.St.Tå Fg.An	Orthopaedic surgery, Op.osteoarthritis.st.tå fg.an
316	Orthopaedic surgery	Ortopædisk kirurgi, Op.årekn.ex.lysk.hø	Orthopaedic surgery, Op.varicose veins.ex.lysk.hø
317	Orthopaedic surgery	Ortopædisk kirurgi, Op.årekn.i lysk.hø.b	Orthopaedic surgery, Op.varicose veins.i lysk.hø.b
337	Orthopaedic surgery	Ortopædisk kirurgi, Operat. åreknud. Flg	Orthopaedic surgery, Operation åreknud. flg
383	ENT service	Ørelægehjælp, Beh. af næsebl. m. t	ENT service, Treatment of næsebl. with t
394	ENT service	Ørelægehjælp, Cutanprøv. 3-aft.A80	ENT service, Cutanprøv. 3-aft.a80
401	ENT service	Ørelægehjælp, Finnålsdiagnostik	ENT service, Finnålsdiagnostik
403	ENT service	Ørelægehjælp, Fj. drøbelen	ENT service, Removal. drøbelen
414	ENT service	Ørelægehjælp, Fjern. Spytkirt.Kæbe	ENT service, Removal spytkirt.kæbe
417	ENT service	Ørelægehjælp, Fjern. ¯repolypp. An	ENT service, Removal ørepolypp. an
418	ENT service	Ørelægehjælp, Fjern. ¯repolypp.An.	ENT service, Removal ørepolypp.an.
419	ENT service	Ørelægehjælp, Fjern. ¯repolypper	ENT service, Removal ørepolypper
421	ENT service	Ørelægehjælp, Forund.høreapp. A80	ENT service, Forund.høreapp. a80
424	ENT service	Ørelægehjælp, Forunds. mhp høreapp	ENT service, Forunds. mhp høreapp
427	ENT service	Ørelægehjælp, Høreapparat A80	ENT service, Høreapparat a80
428	ENT service	Ørelægehjælp, Høreapparattilp. fl.	ENT service, Høreapparattilp. fl.
429	ENT service	Ørelægehjælp, Høreapparattilpasn.	ENT service, Høreapparattilpasn.
438	ENT service	Ørelægehjælp, Korr. Næseskillevæg	ENT service, Correction. næseskillevæg
440	ENT service	Ørelægehjælp, Meche-beh. bet.øreg.	ENT service, Meche-beh. bet.øreg.
445	ENT service	Ørelægehjælp, Mellemøreoperat. An.	ENT service, Mellemøreoperat. anaesthesia
447	ENT service	Ørelægehjælp, Monit. af søvnapnø	ENT service, Monit. of søvnapnø
450	ENT service	Ørelægehjælp, Måling af ota. emi.	ENT service, Måling of ota. emi.
452	ENT service	Ørelægehjælp, Oper. Kæbe Tandl.An.	ENT service, Operation. kæbe tandl.an.
455	ENT service	Ørelægehjælp, Operat. Kæbe. Tandl.	ENT service, Operation kæbe. tandl.
470	ENT service	Ørelægehjælp, Punkt. Af Kæbehul.An	ENT service, Puncture of kæbehul.an
499	ENT service	Ørelægehjælp, Tubulation af kæbeh.	ENT service, Tubulation of kæbeh.
514	ENT service	Ørelægehjælp, ¯reprop tilp.a50	ENT service, Øreprop tilp.a50
515	ENT service	Ørelægehjælp, ¯reprop/skaltilp. ¤3	ENT service, Øreprop/skaltilp. ¤3
516	Pathology	Patologi, Immunhistokemisk præ	Pathology, Immunhistokemisk præ
517	Pathology	Patologi, Konusundersøgelse	Pathology, Konusundersøgelse
519	Pathology	Patologi, Vævsmikroskopi Cyto.	Pathology, Vævsmikroskopi cyto.
520	Pathology	Patologi, vævsmikroskopi med mindst 4 biopsier	Pathology, Vævsmikroskopi with mindst 4 biopsier
533	Plastic surgery	Plastikkirurgi, Indsætt. Allopla. 1.	Plastic surgery, Indsætt. allopla. 1.
541	Plastic surgery	Plastikkirurgi, Oper. Hudkræft    1.	Plastic surgery, Operation. hudkræft 1.
542	Plastic surgery	Plastikkirurgi, Oper. Hudkræft  Flg.	Plastic surgery, Operation. hudkræft subsequent
570	Psychiatry	Psykiatri, Pt-Ekg  3ext.3præ. 9	Psychiatry, Pt-ECG 3ext.3præ. 9
595	Paediatrics	Pædiatri, 1.kons adfærd.forst.	Paediatrics, 1.kons adfærd.forst.
601	Paediatrics	Pædiatri, Allerg. Prov.Forsøg	Paediatrics, Allergy. prov.forsøg
602	Paediatrics	Pædiatri, Analafskr-Oxyurisæg2	Paediatrics, Analafskr-oxyurisæg2
616	Paediatrics	Pædiatri, Ekg  3 Ext. 3 Præ. 9	Paediatrics, ECG 3 ext. 3 præ. 9
619	Paediatrics	Pædiatri, Hæmatologisk Us.Ii 6	Paediatrics, Hæmatologisk us.ii 6
643	Paediatrics	Pædiatri, Urinprøvetag Steril4	Paediatrics, Urinprøvetag steril4
644	Paediatrics	Pædiatri, anstrengelsesprovokation løbebånd	Paediatrics, Anstrengelsesprovokation løbebånd
648	Paediatrics	Pædiatri, fødevareprovokation	Paediatrics, Fødevareprovokation
655	Paediatrics	Pædiatri, reg. af mavesmerter og afføring	Paediatrics, Regional of mavesmerter and afføring
657	Paediatrics	Pædiatri, reg. af symptomer astma og høfeber	Paediatrics, Regional of symptomer astma and høfeber
664	Paediatrics	Pædiatri, tværfaglig telefionkons.	Paediatrics, Tværfaglig telefionkons.
669	Paediatrics	Pædiatri, øjenprovokation	Paediatrics, Øjenprovokation
676	Child psychiatry	Børnepsykiatri, 2/Se.Kons. Foræl.Te.	Child psychiatry, 2/se.kons. foræl.te.
681	Child psychiatry	Børnepsykiatri, Børnepsykiatri_amt15	Child psychiatry, Børnepsykiatri_amt15
683	Child psychiatry	Børnepsykiatri, Hon beh.mø i b.psy	Child psychiatry, Hon beh.mø i b.psy
701	Tropical medicine	Tropemedicin, Urinprøvetag Steril4	Tropical medicine, Urinprøvetag steril4
754	Diagnostic radiology, Copenhagen	Diagn. radiologi Kbh., galdeblære	Diagnostic radiology, Copenhagen, Galdeblære
769	Diagnostic radiology, Copenhagen	Diagn. radiologi Kbh., nedre abdomen, blære	Diagnostic radiology, Copenhagen, Nedre abdomen, blære
777	Diagnostic radiology, Copenhagen	Diagn. radiologi Kbh., udv.urologi tømnings	Diagnostic radiology, Copenhagen, Udv.urologi tømnings
785	Diagnostic radiology, Copenhagen	Diagn. radiologi Kbh., øvre abdomen	Diagnostic radiology, Copenhagen, Øvre abdomen
805	Dermato-venereology	Dermato-venerologi, Allerg. Prov.Forsøg	Dermato-venereology, Allergy. prov.forsøg
823	Dermato-venereology	Dermato-venerologi, Dyrkning gærsvamp 12	Dermato-venereology, Dyrkning gærsvamp 12
846	Dermato-venereology	Dermato-venerologi, Hæmangioner R81	Dermato-venereology, Hæmangioner r81
853	Dermato-venereology	Dermato-venerologi, Intralæsion. injekt.	Dermato-venereology, Intralæsion. injection.
855	Dermato-venereology	Dermato-venerologi, Karmodermærker	Dermato-venereology, Karmodermærker
871	Dermato-venereology	Dermato-venerologi, Mål.peri.blodt. 3A15	Dermato-venereology, Mål.peri.blodt. 3a15
872	Dermato-venereology	Dermato-venerologi, Mørkefeltsmikros.  5	Dermato-venereology, Mørkefeltsmikros. 5
874	Dermato-venereology	Dermato-venerologi, Overlæbe pr. beh.	Dermato-venereology, Overlæbe per treatment
875	Dermato-venereology	Dermato-venerologi, Overlæbe pr. behandl	Dermato-venereology, Overlæbe per behandl
895	Dermato-venereology	Dermato-venerologi, Tjærebade          .	Dermato-venereology, Tjærebade .
902	Dermato-venereology	Dermato-venerologi, Urinprøvetag.steril4	Dermato-venereology, Urinprøvetag.steril4
903	Dermato-venereology	Dermato-venerologi, Urinundersøg. stix 1	Dermato-venereology, Urinundersøg. stix 1
917	Dermato-venereology	Dermato-venerologi, fj. uønsk.hårvækst	Dermato-venereology, Removal. uønsk.hårvækst
919	Dermato-venereology	Dermato-venerologi, laserbeh.karsprængn.	Dermato-venereology, Laserbeh.karsprængn.
940	Copenhagen GP Laboratory (KPLL)	Københavns Praktiserende Lægers Laboratorium, Acajounød IgE;P	Copenhagen GP Laboratory (KPLL), Acajounød ige;p
953	Copenhagen GP Laboratory (KPLL)	Københavns Praktiserende Lægers Laboratorium, Alfa Føtoprot;P	Copenhagen GP Laboratory (KPLL), Alfa føtoprot;p
1007	Copenhagen GP Laboratory (KPLL)	Københavns Praktiserende Lægers Laboratorium, Blåmusling IgE;P	Copenhagen GP Laboratory (KPLL), Blåmusling ige;p
1013	Copenhagen GP Laboratory (KPLL)	Københavns Praktiserende Lægers Laboratorium, Bøg IgE;P	Copenhagen GP Laboratory (KPLL), Bøg ige;p
1014	Copenhagen GP Laboratory (KPLL)	Københavns Praktiserende Lægers Laboratorium, Børnekost IgE;P	Copenhagen GP Laboratory (KPLL), Børnekost ige;p
1080	Copenhagen GP Laboratory (KPLL)	Københavns Praktiserende Lægers Laboratorium, Døgn BT-måling	Copenhagen GP Laboratory (KPLL), Døgn bt-måling
1129	Copenhagen GP Laboratory (KPLL)	Københavns Praktiserende Lægers Laboratorium, For fremmøde i lab.	Copenhagen GP Laboratory (KPLL), For fremmøde i lab.
1169	Copenhagen GP Laboratory (KPLL)	Københavns Praktiserende Lægers Laboratorium, Grå Bynke IgE;P	Copenhagen GP Laboratory (KPLL), Grå bynke ige;p
1170	Copenhagen GP Laboratory (KPLL)	Københavns Praktiserende Lægers Laboratorium, Grå el IgE;P	Copenhagen GP Laboratory (KPLL), Grå el ige;p
1188	Copenhagen GP Laboratory (KPLL)	Københavns Praktiserende Lægers Laboratorium, HR-test Føde;B	Copenhagen GP Laboratory (KPLL), Hr-test føde;b
1194	Copenhagen GP Laboratory (KPLL)	Københavns Praktiserende Lægers Laboratorium, Hasselnød IgE;P	Copenhagen GP Laboratory (KPLL), Hasselnød ige;p
1216	Copenhagen GP Laboratory (KPLL)	Københavns Praktiserende Lægers Laboratorium, Hjemme BT-måling	Copenhagen GP Laboratory (KPLL), Hjemme bt-måling
1230	Copenhagen GP Laboratory (KPLL)	Københavns Praktiserende Lægers Laboratorium, Hvidløg IgE;P	Copenhagen GP Laboratory (KPLL), Hvidløg ige;p
1233	Copenhagen GP Laboratory (KPLL)	Københavns Praktiserende Lægers Laboratorium, Hæmokromatosegen	Copenhagen GP Laboratory (KPLL), Hæmokromatosegen
1234	Copenhagen GP Laboratory (KPLL)	Københavns Praktiserende Lægers Laboratorium, Hønsekød IgE;P	Copenhagen GP Laboratory (KPLL), Hønsekød ige;p
1245	Copenhagen GP Laboratory (KPLL)	Københavns Praktiserende Lægers Laboratorium, Indsendte prøver	Copenhagen GP Laboratory (KPLL), Indsendte prøver
1253	Copenhagen GP Laboratory (KPLL)	Københavns Praktiserende Lægers Laboratorium, Jordbær IgE;P	Copenhagen GP Laboratory (KPLL), Jordbær ige;p
1255	Copenhagen GP Laboratory (KPLL)	Københavns Praktiserende Lægers Laboratorium, Jordnød IgE;P	Copenhagen GP Laboratory (KPLL), Jordnød ige;p
1268	Copenhagen GP Laboratory (KPLL)	Københavns Praktiserende Lægers Laboratorium, Kokosnød IgE;P	Copenhagen GP Laboratory (KPLL), Kokosnød ige;p
1269	Copenhagen GP Laboratory (KPLL)	Københavns Praktiserende Lægers Laboratorium, Komælk IgE;P	Copenhagen GP Laboratory (KPLL), Komælk ige;p
1271	Copenhagen GP Laboratory (KPLL)	Københavns Praktiserende Lægers Laboratorium, Koskæl IgE;P	Copenhagen GP Laboratory (KPLL), Koskæl ige;p
1279	Copenhagen GP Laboratory (KPLL)	Københavns Praktiserende Lægers Laboratorium, Kviksølv;B	Copenhagen GP Laboratory (KPLL), Kviksølv;b
1280	Copenhagen GP Laboratory (KPLL)	Københavns Praktiserende Lægers Laboratorium, Kødpanel IgE;P	Copenhagen GP Laboratory (KPLL), Kødpanel ige;p
1311	Copenhagen GP Laboratory (KPLL)	Københavns Praktiserende Lægers Laboratorium, Løg IgE;P	Copenhagen GP Laboratory (KPLL), Løg ige;p
1359	Copenhagen GP Laboratory (KPLL)	Københavns Praktiserende Lægers Laboratorium, Nøddepanel IgE;P	Copenhagen GP Laboratory (KPLL), Nøddepanel ige;p
1361	Copenhagen GP Laboratory (KPLL)	Københavns Praktiserende Lægers Laboratorium, Oksekød IgE;P	Copenhagen GP Laboratory (KPLL), Oksekød ige;p
1377	Copenhagen GP Laboratory (KPLL)	Københavns Praktiserende Lægers Laboratorium, Paranød IgE;P	Copenhagen GP Laboratory (KPLL), Paranød ige;p
1384	Copenhagen GP Laboratory (KPLL)	Københavns Praktiserende Lægers Laboratorium, Peak flow måling	Copenhagen GP Laboratory (KPLL), Peak flow måling
1387	Copenhagen GP Laboratory (KPLL)	Københavns Praktiserende Lægers Laboratorium, Pecannød IgE;P	Copenhagen GP Laboratory (KPLL), Pecannød ige;p
1420	Copenhagen GP Laboratory (KPLL)	Københavns Praktiserende Lægers Laboratorium, Præc.Ab x 1;P	Copenhagen GP Laboratory (KPLL), Præc.ab x 1;p
1421	Copenhagen GP Laboratory (KPLL)	Københavns Praktiserende Lægers Laboratorium, Præc.Ab x 2;P	Copenhagen GP Laboratory (KPLL), Præc.ab x 2;p
1422	Copenhagen GP Laboratory (KPLL)	Københavns Praktiserende Lægers Laboratorium, Præc.Ab x 3;P	Copenhagen GP Laboratory (KPLL), Præc.ab x 3;p
1423	Copenhagen GP Laboratory (KPLL)	Københavns Praktiserende Lægers Laboratorium, Præc.Ab x 4;P	Copenhagen GP Laboratory (KPLL), Præc.ab x 4;p
1424	Copenhagen GP Laboratory (KPLL)	Københavns Praktiserende Lægers Laboratorium, Prøvetagn. eget hjem	Copenhagen GP Laboratory (KPLL), Prøvetagn. eget home
1425	Copenhagen GP Laboratory (KPLL)	Københavns Praktiserende Lægers Laboratorium, Prøvetagn. plejehjem	Copenhagen GP Laboratory (KPLL), Prøvetagn. plejehjem
1426	Copenhagen GP Laboratory (KPLL)	Københavns Praktiserende Lægers Laboratorium, Pære IgE;P	Copenhagen GP Laboratory (KPLL), Pære ige;p
1429	Copenhagen GP Laboratory (KPLL)	Københavns Praktiserende Lægers Laboratorium, Rajgræs IgE;P	Copenhagen GP Laboratory (KPLL), Rajgræs ige;p
1449	Copenhagen GP Laboratory (KPLL)	Københavns Praktiserende Lægers Laboratorium, Rødgran IgE;P	Copenhagen GP Laboratory (KPLL), Rødgran ige;p
1456	Copenhagen GP Laboratory (KPLL)	Københavns Praktiserende Lægers Laboratorium, Sesamfrø IgE;P	Copenhagen GP Laboratory (KPLL), Sesamfrø ige;p
1462	Copenhagen GP Laboratory (KPLL)	Københavns Praktiserende Lægers Laboratorium, Soyabønne IgE;P	Copenhagen GP Laboratory (KPLL), Soyabønne ige;p
1463	Copenhagen GP Laboratory (KPLL)	Københavns Praktiserende Lægers Laboratorium, Spec.hæmatologi	Copenhagen GP Laboratory (KPLL), Specialty.hæmatologi
1476	Copenhagen GP Laboratory (KPLL)	Københavns Praktiserende Lægers Laboratorium, Svinekød IgE;P	Copenhagen GP Laboratory (KPLL), Svinekød ige;p
1535	Copenhagen GP Laboratory (KPLL)	Københavns Praktiserende Lægers Laboratorium, Valnød IgE;P	Copenhagen GP Laboratory (KPLL), Valnød ige;p
1546	Copenhagen GP Laboratory (KPLL)	Københavns Praktiserende Lægers Laboratorium, Væksthormon;P	Copenhagen GP Laboratory (KPLL), Væksthormon;p
1547	Copenhagen GP Laboratory (KPLL)	Københavns Praktiserende Lægers Laboratorium, VævTr.Glut.IgA;P	Copenhagen GP Laboratory (KPLL), Vævtr.glut.iga;p
1548	Copenhagen GP Laboratory (KPLL)	Københavns Praktiserende Lægers Laboratorium, VævTr.glut.IgG;P	Copenhagen GP Laboratory (KPLL), Vævtr.glut.igg;p
1562	Copenhagen GP Laboratory (KPLL)	Københavns Praktiserende Lægers Laboratorium, Æble IgE;P	Copenhagen GP Laboratory (KPLL), Æble ige;p
1563	Copenhagen GP Laboratory (KPLL)	Københavns Praktiserende Lægers Laboratorium, Æggeblomme IgE;P	Copenhagen GP Laboratory (KPLL), Æggeblomme ige;p
1564	Copenhagen GP Laboratory (KPLL)	Københavns Praktiserende Lægers Laboratorium, Æggehvide IgE;P	Copenhagen GP Laboratory (KPLL), Æggehvide ige;p
1565	Copenhagen GP Laboratory (KPLL)	Københavns Praktiserende Lægers Laboratorium, Ært IgE;P	Copenhagen GP Laboratory (KPLL), Ært ige;p
1566	Copenhagen GP Laboratory (KPLL)	Københavns Praktiserende Lægers Laboratorium, Ølgær IgE;P	Copenhagen GP Laboratory (KPLL), Ølgær ige;p
1575	Medical Laboratory	Medicinsk Laboratorium, B-KVIKSØLV 12	Medical Laboratory, B-kviksølv 12
1576	Medical Laboratory	Medicinsk Laboratorium, B-KVIKSØLV 21	Medical Laboratory, B-kviksølv 21
1617	Medical Laboratory	Medicinsk Laboratorium, Prøvetagning, 1 prøv	Medical Laboratory, Sample collection, 1 prøv
1701	Medical Laboratory	Medicinsk Laboratorium, S-VÆKSTHORMON	Medical Laboratory, S-væksthormon
1731	Regional laboratories	Omegnslaboratorier, B-Sænkningsreakt. 10	Regional laboratories, B-sænkningsreakt. 10
1742	Regional laboratories	Omegnslaboratorier, F-Helmintes-æg    16	Regional laboratories, F-helmintes-æg 16
1743	Regional laboratories	Omegnslaboratorier, F-Ormeæg og cyster	Regional laboratories, F-ormeæg and cyster
1758	Regional laboratories	Omegnslaboratorier, P-Anti-nukleæ. anti.	Regional laboratories, P-anti-nukleæ. anti.
1863	Regional laboratories	Omegnslaboratorier, Pt-Blodprøvetagn.  6	Regional laboratories, Pt-blodprøvetagn. 6
1868	Regional laboratories	Omegnslaboratorier, Pt-EEG(søvnrytme)240	Regional laboratories, Pt-eeg(søvnrytme)240
1875	Regional laboratories	Omegnslaboratorier, Pt-Hasteprøve     70	Regional laboratories, Pt-hasteprøve 70
1876	Regional laboratories	Omegnslaboratorier, Pt-Kapillærblødn. 10	Regional laboratories, Pt-kapillærblødn. 10
1883	Regional laboratories	Omegnslaboratorier, Pt-Videresend.prøv.4	Regional laboratories, Pt-videresend.prøv.4
1884	Regional laboratories	Omegnslaboratorier, Pt-kapillærresist.10	Regional laboratories, Pt-kapillærresist.10
1939	Statens Serum Institut	Statens Seruminstitut, Alfaføtoprotein (AF	Statens Serum Institut, Alfaføtoprotein (of
1943	Statens Serum Institut	Statens Seruminstitut, Alm.bakt.us., sårse	Statens Serum Institut, Alm.bakt.us., sårse
1946	Statens Serum Institut	Statens Seruminstitut, Alm.bakt.us., øvre	Statens Serum Institut, Alm.bakt.us., øvre
1960	Statens Serum Institut	Statens Seruminstitut, Antinucleære antist	Statens Serum Institut, Antinucleære antist
2001	Statens Serum Institut	Statens Seruminstitut, Cøliaki	Statens Serum Institut, Cøliaki
2002	Statens Serum Institut	Statens Seruminstitut, Cøliaki-vævstypeund	Statens Serum Institut, Cøliaki-vævstypeund
2018	Statens Serum Institut	Statens Seruminstitut, ENA i pakke (møn.8)	Statens Serum Institut, Ena i pakke (møn.8)
2023	Statens Serum Institut	Statens Seruminstitut, Endomysium i Cøliak	Statens Serum Institut, Endomysium i cøliak
2031	Statens Serum Institut	Statens Seruminstitut, Flåtpakke - 4 analy	Statens Serum Institut, Flåtpakke - 4 analy
2032	Statens Serum Institut	Statens Seruminstitut, Flåtpakke - Borreli	Statens Serum Institut, Flåtpakke - borreli
2034	Statens Serum Institut	Statens Seruminstitut, Fostervandsundersøg	Statens Serum Institut, Fostervandsundersøg
2047	Statens Serum Institut	Statens Seruminstitut, Gliadin i Cøliaki p	Statens Serum Institut, Gliadin i cøliaki p
2053	Statens Serum Institut	Statens Seruminstitut, Gær- og skimmelsvam	Statens Serum Institut, Gær- and skimmelsvam
2054	Statens Serum Institut	Statens Seruminstitut, Gærsvampe	Statens Serum Institut, Gærsvampe
2056	Statens Serum Institut	Statens Seruminstitut, HISTON i pakke (møn	Statens Serum Institut, Histon i pakke (møn
2095	Statens Serum Institut	Statens Seruminstitut, Hæmokromatose (HFE)	Statens Serum Institut, Hæmokromatose (hfe)
2097	Statens Serum Institut	Statens Seruminstitut, INF-g påvisning TB	Statens Serum Institut, Inf-g påvisning tb
2148	Statens Serum Institut	Statens Seruminstitut, Mæslinge vaccine 1	Statens Serum Institut, Mæslinge vaccine 1
2184	Statens Serum Institut	Statens Seruminstitut, Prøveforb. til viru	Statens Serum Institut, Prøveforb. to viru
2208	Statens Serum Institut	Statens Seruminstitut, SSA/SSB i pakke (mø	Statens Serum Institut, Ssa/ssb i pakke (mø
2265	Statens Serum Institut	Statens Seruminstitut, Tværstribet muskel	Statens Serum Institut, Tværstribet muskel
2269	Statens Serum Institut	Statens Seruminstitut, Urinprøvesæt, 10 st	Statens Serum Institut, Urinprøvesæt, 10 st
2282	Statens Serum Institut	Statens Seruminstitut, ds-DNA i pakke (møn	Statens Serum Institut, Ds-dna i pakke (møn
2285	Statens Serum Institut	Statens Seruminstitut, ¯-celle antistof (I	Statens Serum Institut, Ø-celle antibody (i
2286	Statens Serum Institut	Statens Seruminstitut, ¯-celle i Diabetes	Statens Serum Institut, Ø-celle i diabetes
2287	Statens Serum Institut	Statens Seruminstitut, ¯stradiol	Statens Serum Institut, Østradiol
2288	Statens Serum Institut	Statens Seruminstitut, ¯strogenstatus	Statens Serum Institut, Østrogenstatus
2289	Statens Serum Institut	Statens Seruminstitut, ¯strogenstatus excl	Statens Serum Institut, Østrogenstatus excl
2302	Dental hygienist service	Tandplejere, tandrensningunder 15 tænder	Dental hygienist service, Tandrensningunder 15 tænder
2303	Dental hygienist service	Tandplejere, tansrensning mindst 15 tænder	Dental hygienist service, Tansrensning mindst 15 tænder
2340	Diagnostic radiology	Diagnost. radiologi, Hals- og Luftrør	Diagnostic radiology, Hals- and luftrør
2350	Diagnostic radiology	Diagnost. radiologi, Intravenøs Cholangio	Diagnostic radiology, Intravenøs cholangio
2367	Diagnostic radiology	Diagnost. radiologi, Nedre abdomen, blære	Diagnostic radiology, Nedre abdomen, blære
2408	Diagnostic radiology	Diagnost. radiologi, ¯vre abdomen	Diagnostic radiology, Øvre abdomen
2424	Dental service	Tandlægehjælp, Hygiejnetillæg	Dental service, Hygiejnetillæg
2431	Dental service	Tandlægehjælp, Kli. undersø,over 25	Dental service, Kli. undersø,over 25
2432	Dental service	Tandlægehjælp, Klin.undersøge.18-25	Dental service, Klin.undersøge.18-25
2437	Dental service	Tandlægehjælp, Kontrol RDU (26år- )	Dental service, Follow-up rdu (26år- )
2438	Dental service	Tandlægehjælp, Kontrol RDU(18-25år)	Dental service, Follow-up rdu(18-25år)
2442	Dental service	Tandlægehjælp, Maximum 1 Måned 1704	Dental service, Maximum 1 måned 1704
2462	Dental service	Tandlægehjælp, Røntgenoptagelse	Dental service, Røntgenoptagelse
2467	Dental service	Tandlægehjælp, Udtrækn. Anden Tand	Dental service, Udtrækn. second tooth
2468	Dental service	Tandlægehjælp, Udtrækn. Flg. Tand	Dental service, Udtrækn. subsequent tooth
2469	Dental service	Tandlægehjælp, Udtrækning pr. tand	Dental service, Udtrækning per tooth
2478	Physiotherapy	Fysioterapi 51, ADL-funktionstræning	Physiotherapy, Adl-funktionstræning
2483	Physiotherapy	Fysioterapi 51, Forundersøgelse A65	Physiotherapy, Forundersøgelse a65
2499	Physiotherapy	Fysioterapi 51, Lokalegodtgørelse	Physiotherapy, Lokalegodtgørelse
2502	Physiotherapy	Fysioterapi 51, Ma-fr 16-20,lø 08-20	Physiotherapy, Ma-fr 16-20,lø 08-20
2503	Physiotherapy	Fysioterapi 51, Ma-fr 20-08,søn/hel	Physiotherapy, Ma-fr 20-08,søn/hel
2509	Physiotherapy	Fysioterapi 51, Opflg. træningstera.	Physiotherapy, Opflg. træningstera.
2517	Physiotherapy	Fysioterapi 51, Strækbehandling	Physiotherapy, Strækbehandling
2519	Physiotherapy	Fysioterapi 51, Tillæg særl.tidskr.	Physiotherapy, Supplement særl.tidskr.
2520	Physiotherapy	Fysioterapi 51, Tlf rådgiv og vejled	Physiotherapy, Tlf rådgiv and vejled
2523	Physiotherapy	Fysioterapi 51, forsøgsord. amt 65	Physiotherapy, Forsøgsord. amt 65
2526	Physiotherapy	Fysioterapi 51, ¯dembehandling	Physiotherapy, Ødembehandling
2527	Physiotherapy	Fysioterapi 51, ¯velsesterapi *hold*	Physiotherapy, Øvelsesterapi *hold*
2528	Physiotherapy	Fysioterapi 51, ¯velsesterapi *indv*	Physiotherapy, Øvelsesterapi *indv*
2530	Eyeglasses	Briller, Sfæ. 4.25 - 6.75	Eyeglasses, Sfæ. 4.25 - 6.75
2531	Eyeglasses	Briller, Sfæ. Plan Til 4.00	Eyeglasses, Sfæ. plan to 4.00
2532	Eyeglasses	Briller, Sfæ. Plan-4 Afstand	Eyeglasses, Sfæ. plan-4 afstand
2540	Chiropractic	Kiropraktik, Opfølg.træningsyd.	Chiropractic, Opfølg.træningsyd.
2543	Chiropractic	Kiropraktik, Suppl. røntgenunder.	Chiropractic, Suppl. røntgenunder.
2550	Chiropractic	Kiropraktik, røntgenteknisk us	Chiropractic, Røntgenteknisk us
2562	Podiatry	Fodterapi, Frem/påsæt 1 ny bøjl	Podiatry, Frem/attach 1 ny bøjl
2575	Podiatry	Fodterapi, Korrektion af 1bøjle	Podiatry, Correction of 1bøjle
2576	Podiatry	Fodterapi, Korrektion af 2bøjle	Podiatry, Correction of 2bøjle
2583	Podiatry	Fodterapi, Værkstedsmoduler	Podiatry, Værkstedsmoduler
2593	Orthonyxia	Ortonyxi, Frem/påsæt 1 ny bøjl	Orthonyxia, Frem/attach 1 ny bøjl
2595	Orthonyxia	Ortonyxi, Følg. modul (m.til.)	Orthonyxia, Følg. modul (m.to.)
2596	Orthonyxia	Ortonyxi, Følg. modul.(u.til.)	Orthonyxia, Følg. modul.(u.to.)
2602	Orthonyxia	Ortonyxi, Korrektion af 1bøjle	Orthonyxia, Correction of 1bøjle
2603	Orthonyxia	Ortonyxi, Korrektion af 2bøjle	Orthonyxia, Correction of 2bøjle
2650	Rehabilitation	Genoptræning, Øfeldt, Ved.fri optræ.1 time	Rehabilitation, Øfeldt, by.fri optræ.1 time
2651	Rehabilitation	Genoptræning, Øfeldt, Ved.fri optræ.? time	Rehabilitation, Øfeldt, by.fri optræ.? time
2671	Foot treatment, scar-tissue patients	Fodbehandling arvævspat., Værkstedstid v indlæ	Foot treatment, scar-tissue patients, Værkstedstid v indlæ
2687	Rheumatology	Reumatologi, Instr. øvelsesterapi	Rheumatology, Instr. øvelsesterapi
2692	Rheumatology	Reumatologi, Mikroskopi ledvæske	Rheumatology, Microscopy ledvæske
2693	Rheumatology	Reumatologi, Pt-Ekg  3ext.3præ. 9	Rheumatology, Pt-ECG 3ext.3præ. 9
2706	Rheumatology	Reumatologi, Ultralydsundersøgels	Rheumatology, Ultralydsundersøgels
2742	Physiotherapy 61	Fysioterapi 61, Opflg. træn.terapi.	Physiotherapy 61, Opflg. træn.terapi.
2745	Physiotherapy 61	Fysioterapi 61, Tillæg særl.tidskr.	Physiotherapy 61, Supplement særl.tidskr.
2747	Physiotherapy 61	Fysioterapi 61, ¯velsesterapi *indv*	Physiotherapy 61, Øvelsesterapi *indv*
2750	Free-of-charge physiotherapy	Vederlagsfri fysioterapi, ADL-funktionstræn.	Free-of-charge physiotherapy, Adl-funktionstræn.
2831	Free-of-charge physiotherapy	Vederlagsfri fysioterapi, Ma-fr 16-20,lø 08-20	Free-of-charge physiotherapy, Ma-fr 16-20,lø 08-20
2832	Free-of-charge physiotherapy	Vederlagsfri fysioterapi, Ma-fr 20-08,søn/hel	Free-of-charge physiotherapy, Ma-fr 20-08,søn/hel
2837	Free-of-charge physiotherapy	Vederlagsfri fysioterapi, Opflg. træn.terapi.	Free-of-charge physiotherapy, Opflg. træn.terapi.
2844	Free-of-charge physiotherapy	Vederlagsfri fysioterapi, Strækbehandling	Free-of-charge physiotherapy, Strækbehandling
2845	Free-of-charge physiotherapy	Vederlagsfri fysioterapi, Styrketræning A30	Free-of-charge physiotherapy, Styrketræning a30
2851	Free-of-charge physiotherapy	Vederlagsfri fysioterapi, ¯dembehandling	Free-of-charge physiotherapy, Ødembehandling
2852	Free-of-charge physiotherapy	Vederlagsfri fysioterapi, ¯velsesterapi *hold*	Free-of-charge physiotherapy, Øvelsesterapi *hold*
2853	Free-of-charge physiotherapy	Vederlagsfri fysioterapi, ¯velsesterapi*indv*	Free-of-charge physiotherapy, Øvelsesterapi*indv*
2862	Psychology service	Psykologhjælp, Barn m.pår. eft.kon	Psychology service, Child m.pår. eft.kon
2863	Psychology service	Psykologhjælp, Barn m.pår.1.kon	Psychology service, Child m.pår.1.kon
2899	Chiropractic, chronic patients	Kiropraktik kronikere, Suppl. røntgenunder.	Chiropractic, chronic patients, Suppl. røntgenunder.
2928	Hearing care	Høreomsorg, Høreapparat	Hearing care, Høreapparat
2929	Hearing care	Høreomsorg, Uafsluttet forløb	Hearing care, Uafsluttet forløb
2959	Gynaecology/obstetrics	Gynækologi/obstetrik, Blokadebeh. af bækk.	Gynaecology/obstetrics, Blokadebeh. of bækk.
2971	Gynaecology/obstetrics	Gynækologi/obstetrik, Dyrk. af gærs.(ex).1	Gynaecology/obstetrics, Dyrk. of gærs.(ex).1
2972	Gynaecology/obstetrics	Gynækologi/obstetrik, Dyrk. af gærsvamp 10	Gynaecology/obstetrics, Dyrk. of gærsvamp 10
2975	Gynaecology/obstetrics	Gynækologi/obstetrik, El-stim. af bækkenb.	Gynaecology/obstetrics, El-stim. of bækkenb.
2976	Gynaecology/obstetrics	Gynækologi/obstetrik, El-stimu.af bækkenb.	Gynaecology/obstetrics, El-stimu.of bækkenb.
2977	Gynaecology/obstetrics	Gynækologi/obstetrik, Elstimul. bækkenbund	Gynaecology/obstetrics, Elstimul. bækkenbund
3016	Gynaecology/obstetrics	Gynækologi/obstetrik, Opsæt. af spiral	Gynaecology/obstetrics, Opsæt. of coil (IUD)
3041	Gynaecology/obstetrics	Gynækologi/obstetrik, Serum-østradiolb.  6	Gynaecology/obstetrics, Serum-østradiolb. 6
3048	Gynaecology/obstetrics	Gynækologi/obstetrik, Sædpræp. til insemin	Gynaecology/obstetrics, Sædpræp. to insemin
3073	Gynaecology/obstetrics	Gynækologi/obstetrik, Urinprøvetag Steril4	Gynaecology/obstetrics, Urinprøvetag steril4
3090	Gynaecology/obstetrics	Gynækologi/obstetrik, indsæt.gestagenimpl	Gynaecology/obstetrics, Indsæt.gestagenimpl
3102	Internal medicine	Intern medicin, Allergenpro.fødem.os	Internal medicine, Allergenpro.fødem.os
3105	Internal medicine	Intern medicin, Allergivacc. eft.føl	Internal medicine, Allergivacc. eft.føl
3126	Internal medicine	Intern medicin, Cøliakipakken_amt 15	Internal medicine, Cøliakipakken_amt 15
3128	Internal medicine	Intern medicin, Døgnpulsoxymetri	Internal medicine, Døgnpulsoxymetri
3132	Internal medicine	Intern medicin, Ekg  3 Ext. 3 Præ. 9	Internal medicine, ECG 3 ext. 3 præ. 9
3141	Internal medicine	Intern medicin, Hæmatologisk Us.Ii 6	Internal medicine, Hæmatologisk us.ii 6
3142	Internal medicine	Intern medicin, Knogletæthedsm.endok	Internal medicine, Knogletæthedsm.endok
3162	Internal medicine	Intern medicin, Provokationsforsøg	Internal medicine, Provokationsforsøg
3164	Internal medicine	Intern medicin, Pt-Ekg  3ext.3præ. 9	Internal medicine, Pt-ECG 3ext.3præ. 9
3192	Internal medicine	Intern medicin, Ultralyd øv. abdomen	Internal medicine, Ultralyd øv. abdomen
3194	Internal medicine	Intern medicin, Urinprøvetag Steril4	Internal medicine, Urinprøvetag steril4
3205	General practitioner	Almen Lægehjælp 80, Afregning af sygebesøg og møder (regional §2-aftale, Region Hovedstaden)	General practitioner, Afregning of sick-home visit and møder (regional §2 agreement, region Hovedstaden)
3213	General practitioner	Almen Lægehjælp 80, Alvorligt syge og døende — fremmøde (regional §2-aftale, Region Syddanmark)	General practitioner, Alvorligt syge and dying — fremmøde (regional §2 agreement, region Syddanmark)
3214	General practitioner	Almen Lægehjælp 80, Alvorligt syge og døende — i lægens konsultation (regional §2-aftale, Region Syddanmark)	General practitioner, Alvorligt syge and dying — i lægens consultation (regional §2 agreement, region Syddanmark)
3221	General practitioner	Almen Lægehjælp 80, EKG inkl. præcordiale aflødninger (regional §2-aftale, Region Midtjylland)	General practitioner, ECG incl.. præcordiale aflødninger (regional §2 agreement, region Midtjylland)
3230	General practitioner	Almen Lægehjælp 80, Forsøgsordning vedrørende opfølgende hjemmebesøg (regional §2-aftale, Region Midtjylland)	General practitioner, Forsøgsordning vedrørende follow-up home visit (regional §2 agreement, region Midtjylland)
3240	General practitioner	Almen Lægehjælp 80, Indkaldelse demensundersøgelse (regional §2-aftale, Region Hovedstaden)	General practitioner, Indkaldelse demensundersøgelse (regional §2 agreement, region Hovedstaden)
3243	General practitioner	Almen Lægehjælp 80, Kontrol demens (årlig) (regional §2-aftale, Region Hovedstaden)	General practitioner, Follow-up demens (årlig) (regional §2 agreement, region Hovedstaden)
3246	General practitioner	Almen Lægehjælp 80, Kørselsgodtgørelse pr. kørt km (regional §2-aftale, Region Hovedstaden)	General practitioner, Mileage allowance per kørt km (regional §2 agreement, region Hovedstaden)
3247	General practitioner	Almen Lægehjælp 80, Lægefaglig vurdering af patienter på kommunal akutfunktion/akutteam	General practitioner, Lægefaglig vurdering of patients on kommunal akutfunktion/akutteam
3249	General practitioner	Almen Lægehjælp 80, Medgået tidsforbrug for kørsel pr. påbegyndt 10. minut udover 15 km (regional §2-aftale, Region Sjælland)	General practitioner, Medgået tidsforbrug for kørsel per commenced 10. minut udover 15 km (regional §2 agreement, region Sjælland)
3257	General practitioner	Almen Lægehjælp 80, Opfølgning efter indlæggelse — i lægens konsultation (regional §2-aftale, Region Syddanmark)	General practitioner, Follow-up efter admission — i lægens consultation (regional §2 agreement, region Syddanmark)
3258	General practitioner	Almen Lægehjælp 80, Opsøgende hjemmebesøg (skrøbelige ældre, normalt over 75 år) + tidsforbrugstillæg og evt	General practitioner, Outreach home visit (skrøbelige elderly, normalt over 75 years) + time-spent supplement and evt
3259	General practitioner	Almen Lægehjælp 80, Planlægningsmøde (regional §2-aftale, Region Midtjylland)	General practitioner, Planlægningsmøde (regional §2 agreement, region Midtjylland)
3278	General practitioner	Almen Lægehjælp 80, Telefonisk henvendelse til/fra kommunernes Social- og Sundhedsforvaltninger til/fra lægen (regional §2-aftale, Region Sjælland)	General practitioner, Telefonisk henvendelse to/from kommunernes social- and sundhedsforvaltninger to/from lægen (regional §2 agreement, region Sjælland)
3285	General practitioner	Almen Lægehjælp 80, Tidstillægsmodul (regional §2-aftale, Region Midtjylland)	General practitioner, Tidstillægsmodul (regional §2 agreement, region Midtjylland)
3286	General practitioner	Almen Lægehjælp 80, Tværsektoriel lægelig kommunikation (regional §2-aftale, Region Hovedstaden)	General practitioner, Tværsektoriel lægelig kommunikation (regional §2 agreement, region Hovedstaden)
3293	General practitioner	Almen Lægehjælp 80, Vaccination til ikke-immune voksne mod mæslinger (vaccine gives 1 gang)	General practitioner, Vaccination to ikke-immune voksne mod mæslinger (vaccine gives 1 gang)
3297	General practitioner	Almen Lægehjælp 80, Årlig helbredsundersøgelse (regional §2-aftale, Region Hovedstaden)	General practitioner, Årlig helbredsundersøgelse (regional §2 agreement, region Hovedstaden)
3299	General practitioner	Almen lægehjælp 80, #2-aftale århus ak.	General practitioner, #2-aftale århus ak.
3325	General practitioner	Almen lægehjælp 80, 3 u.f. blod i fæces5	General practitioner, 3 u.f. blood i fæces5
3330	General practitioner	Almen lægehjælp 80, 3.Undersøgelse	General practitioner, 3. child examination, when barnet er 12 måneder
3331	General practitioner	Almen lægehjælp 80, 4 Hj. Fødende 1.Uge	General practitioner, 4 home fødende 1.uge
3333	General practitioner	Almen lægehjælp 80, 5. Hj. Fødende 9uger	General practitioner, 5. home fødende 9uger
3336	General practitioner	Almen lægehjælp 80, 7.Undersøgelse	General practitioner, § 7. børneundersøgelser
3341	General practitioner	Almen lægehjælp 80, Afst.takst ov. 10 km	General practitioner, Tillægstakst by visit ud over 10 km, pr
3355	General practitioner	Almen lægehjælp 80, Afstandstakst  21 km	General practitioner, For hver commenced km ud over 21 to sygebesøgsstedet
3366	General practitioner	Almen lægehjælp 80, Anlæg. Af Im.Bandage	General practitioner, Anlæggelse of immobiliserende bandager
3368	General practitioner	Almen lægehjælp 80, Ans. terminal moms	General practitioner, Momspligtigt attestarbejde7 by ansøgning om tilskud to terminalpatienter
3369	General practitioner	Almen lægehjælp 80, Ansøgning - terminal	General practitioner, Attestarbejde7 by ansøgning om tilskud to terminalpatienter
3379	General practitioner	Almen lægehjælp 80, B-hæmogl. (- fotom.)	General practitioner, B-hæmogl. (- fotom.)
3380	General practitioner	Almen lægehjælp 80, B-hæmogl.(U/fotom.)1	General practitioner, B-hæmogl.(u/fotom.)1
3397	General practitioner	Almen lægehjælp 80, Besøg VI	General practitioner, Sick-home visit from 21 km4,5 from sygebesøgsstedet + evt
3398	General practitioner	Almen lægehjælp 80, Besøg hjælpeper rute	General practitioner, Visit hjælpeper rute
3399	General practitioner	Almen lægehjælp 80, Besøg hjælpepers I	General practitioner, Visit hjælpepers i
3400	General practitioner	Almen lægehjælp 80, Besøg hjælpepers II	General practitioner, Visit hjælpepers ii
3412	General practitioner	Almen lægehjælp 80, Blodprøvetagn. amt50	General practitioner, Blodprøvetagn. amt50
3413	General practitioner	Almen lægehjælp 80, Blodprøvetagning	General practitioner, Blood sampling from vein incl.. præp. and centrifugering pr. shipment
3414	General practitioner	Almen lægehjælp 80, Blodtagning blodåre	General practitioner, Blodtagning from blodåre pr
3416	General practitioner	Almen lægehjælp 80, Blødningstid       1	General practitioner, Blødningstid 1
3417	General practitioner	Almen lægehjælp 80, Børneunders. Test	General practitioner, Børneunders. test
3423	General practitioner	Almen lægehjælp 80, Deltagelse i forsøg	General practitioner, Deltagelse i forsøg
3428	General practitioner	Almen lægehjælp 80, Demensundersøge. A20	General practitioner, Demensundersøge. a20
3434	General practitioner	Almen lægehjælp 80, Differ.- og leu. tæl	General practitioner, Differ.- and leu. tæl
3435	General practitioner	Almen lægehjælp 80, Differentialtælling6	General practitioner, Differentialtælling6
3441	General practitioner	Almen lægehjælp 80, Elkard. exc. præc. 6	General practitioner, Elkard. excision. præc. 6
3451	General practitioner	Almen lægehjælp 80, Folkeundersøg.   A60	General practitioner, Folkeundersøg. a60
3453	General practitioner	Almen lægehjælp 80, Forbe.opføl.bes¤2A80	General practitioner, Forbe.opføl.bes¤2a80
3458	General practitioner	Almen lægehjælp 80, Forløbs.diabetes	General practitioner, Forløbs.diabetes
3462	General practitioner	Almen lægehjælp 80, Fredericia-forsøg	General practitioner, Fredericia-forsøg
3464	General practitioner	Almen lægehjælp 80, Fremmedlegeme ¯j. Mv	General practitioner, Removal of fremmedlegemer from øje, øregang, nose and pharynx
3465	General practitioner	Almen lægehjælp 80, Fremmødehonorar B080	General practitioner, Fremmødehonorar b080
3474	General practitioner	Almen lægehjælp 80, HebB stofmis mæn sex	General practitioner, Hebb stofmis mæn sex
3475	General practitioner	Almen lægehjælp 80, HepaB  vac barn 1mdr	General practitioner, Vaccination mod hepatitis b to children under 2 years, som er født of en mor with kronisk hepatitis b
3478	General practitioner	Almen lægehjælp 80, HepaB vac ikke smit	General practitioner, Hepatitis b-vaccination or a-b-vaccination to særlige risikogrupper (vaccine gives 3 gange)
3480	General practitioner	Almen lægehjælp 80, HepaB vac. u. 15år	General practitioner, Hepab vac. without 15år
3483	General practitioner	Almen lægehjælp 80, Hjem.blodtryk.målA35	General practitioner, Home.blodtryk.måla35
3486	General practitioner	Almen lægehjælp 80, Hjemmeblodtrykmåling	General practitioner, Hjemmeblodtrykmåling
3488	General practitioner	Almen lægehjælp 80, Hormonundersøgelser1	General practitioner, Hormonundersøgelser1
3489	General practitioner	Almen lægehjælp 80, Hypp lægevagtsb. A80	General practitioner, Hypp lægevagtsb. a80
3510	General practitioner	Almen lægehjælp 80, Infl.vacc. 65år hjem	General practitioner, Infl.vacc. 65år home
3511	General practitioner	Almen lægehjælp 80, Infl.vacc. over 65år	General practitioner, Infl.vacc. over 65år
3512	General practitioner	Almen lægehjælp 80, Ins/udl væ/valadn sk	General practitioner, Ins/udl væ/valadn sk
3515	General practitioner	Almen lægehjælp 80, Kapillærresistenspr3	General practitioner, Kapillærresistenspr3
3518	General practitioner	Almen lægehjælp 80, Kon.m.klinisk diæti.	General practitioner, Kon.m.clinical diæti.
3521	General practitioner	Almen lægehjælp 80, Konsul V/hjælpeper	General practitioner, Konsul v/hjælpeper
3529	General practitioner	Almen lægehjælp 80, Kørselsgodtgør. I	General practitioner, 4. examination (ca. 8 uger efter fødslen)
3543	General practitioner	Almen lægehjælp 80, Lægehjælp       2502	General practitioner, Patientledsagelse i ambulance and rejsetillæg to øer, hvor der ikke er bosat doctor pr
3544	General practitioner	Almen lægehjælp 80, Lægehjælp 2201	General practitioner, Patientledsagelse i ambulance and rejsetillæg to øer, hvor der ikke er bosat doctor pr
3545	General practitioner	Almen lægehjælp 80, Længere enkeltkons.	General practitioner, Længere enkeltkons.
3546	General practitioner	Almen lægehjælp 80, Længerevar.sygeb.A60	General practitioner, Længerevar.sygeb.a60
3547	General practitioner	Almen lægehjælp 80, MFR-vaccinat. 1 år	General practitioner, Vaccination mod mæslinger, fåresyge and red hunde (mfr-vaccination) (vaccination gives 2
3579	General practitioner	Almen lægehjælp 80, Møde udover 3 modul.	General practitioner, Møder with social- and sundhedsforvaltninger pr
3580	General practitioner	Almen lægehjælp 80, Mødedeltagelse   A65	General practitioner, Mødedeltagelse a65
3582	General practitioner	Almen lægehjælp 80, Næsetamponade M.V.	General practitioner, Næsetamponade, standsning of blødning efter tandudtrækning
3585	General practitioner	Almen lægehjælp 80, Opfølg.helbreds. A80	General practitioner, Opfølg.helbreds. a80
3586	General practitioner	Almen lægehjælp 80, Opfølg.samt. i hjem	General practitioner, Opfølg.and. i home
3587	General practitioner	Almen lægehjælp 80, Opfølg.samt. i kons.	General practitioner, Opfølg.and. i consultation
3593	General practitioner	Almen lægehjælp 80, Orm. Ormeled I Fæc 1	General practitioner, Orm. ormeled i fæc 1
3594	General practitioner	Almen lægehjælp 80, Ormeæg I Analafskr 2	General practitioner, Ormeæg i analafskr 2
3595	General practitioner	Almen lægehjælp 80, Ormeæg I Fæces     6	General practitioner, Ormeæg i faeces 6
3618	General practitioner	Almen lægehjælp 80, Præ.jour.sk. ¤2/A70	General practitioner, Præ.jour.sk. ¤2/a70
3625	General practitioner	Almen lægehjælp 80, Røntgenund.¤2-aftale	General practitioner, Røntgenund.¤2-aftale
3636	General practitioner	Almen lægehjælp 80, Samtaleterapiforløb	General practitioner, Samtaleterapiforløb
3644	General practitioner	Almen lægehjælp 80, Sindslid. 1. Indlæg.	General practitioner, 1. tvangsindlæggelse (red or gule papirer)
3651	General practitioner	Almen lægehjælp 80, St. Udbr. Læsioner	General practitioner, Treatment of store udbredte lesions and forbrændinger
3652	General practitioner	Almen lægehjælp 80, Støtte pårørende	General practitioner, Støtte relatives
3658	General practitioner	Almen lægehjælp 80, Sænkningsreaktion  2	General practitioner, Sænkningsreaktion
3659	General practitioner	Almen lægehjælp 80, Særkons. Sv.Forebyg.	General practitioner, Særkons. sv.forebyg.
3662	General practitioner	Almen lægehjælp 80, Tapning af væske	General practitioner, Tapning of væskesamling from larger joint i terapeutisk øjemed – ikke i diagnostic øjemed or
3663	General practitioner	Almen lægehjælp 80, Tel. henv. til foræl	General practitioner, Honorar for telefonisk henvendelse to forældrene forud for mfr-vaccination
3669	General practitioner	Almen lægehjælp 80, Thrombin-målingerA42	General practitioner, Thrombin-målingera42
3671	General practitioner	Almen lægehjælp 80, Tidstillæg	General practitioner, Tidstillæg
3703	General practitioner	Almen lægehjælp 80, Udlån/instr.blodtryk	General practitioner, Udlån/instr.blodtryk
3738	General practitioner	Almen lægehjælp 80, Venesectio Tilrådet	General practitioner, Venesektio tilrådet of hospital or speciallæge and by livstruende tilstande
3748	General practitioner	Almen lægehjælp 80, diagn.hjælp psyk.dia	General practitioner, Diagn.hjælp psyk.dia
3749	General practitioner	Almen lægehjælp 80, e-komm. ved forløbsydelse diabetes	General practitioner, E-komm. by forløbsydelse diabetes
3753	General practitioner	Almen lægehjælp 80, fødselshjælp	General practitioner, Fødselshjælp
3760	General practitioner	Almen lægehjælp 80, livm.h.kræft skr 082	General practitioner, Livm.h.kræft skr 082
3764	General practitioner	Almen lægehjælp 80, nattevagtslæger afst	General practitioner, Nattevagtslæger afst
3772	General practitioner	Almen lægehjælp 80, tel. drøftelse A50	General practitioner, Tel. drøftelse a50
3773	General practitioner	Almen lægehjælp 80, telefonkons. ved forløbsydelse diabetes	General practitioner, Telefonkons. by forløbsydelse diabetes
3787	General practitioner	Almen lægehjælp 80, ¤2.A35Afstandstillæg	General practitioner, ¤2.a35afstandstillæg
3790	General practitioner	Almen lægehjælp 80, årskontr.diabetes	General practitioner, Årskontr.diabetes
3791	General practitioner	Almen lægehjælp 80, årskontrol amt 50	General practitioner, Årskontrol amt 50
3792	General practitioner	Almen lægehjælp 80, årskontrol,diab. a20	General practitioner, Årskontrol,diab. a20
3803	KFA on-call service 81	KFA-vagtordning 81, Elkard. exc. præc. 6	KFA on-call service 81, Elkard. excision. præc. 6
3808	KFA on-call service 81	KFA-vagtordning 81, Fremmedlegeme øj. Mv	KFA on-call service 81, Fremmedlegeme øj. etc.
3823	KFA on-call service 81	KFA-vagtordning 81, Udstedelse dødsa.s.2	KFA on-call service 81, Udstedelse dødsa.s.2
3826	KFA on-call service 81	KFA-vagtordning 81, lægehj. ingen praks.	KFA on-call service 81, Lægehj. ingen praks.
3841	KAK on-call GP 82	Kak vagtlægehjælp 82, Elkard. exc. præc. 6	KAK on-call GP 82, Elkard. excision. præc. 6
3842	KAK on-call GP 82	Kak vagtlægehjælp 82, Elkard. inkl. præc.9	KAK on-call GP 82, Elkard. incl.. præc.9
3848	KAK on-call GP 82	Kak vagtlægehjælp 82, Fremmedlegeme ¯j. Mv	KAK on-call GP 82, Fremmedlegeme øj. etc.
3911	On-call GP service 83	Vagtlægehjælp 83, Blodtagning blodåre	On-call GP service 83, Blodtagning blodåre
3913	On-call GP service 83	Vagtlægehjælp 83, Elkard. exc. præc. 6	On-call GP service 83, Elkard. excision. præc. 6
3914	On-call GP service 83	Vagtlægehjælp 83, Elkard. inkl. præc.9	On-call GP service 83, Elkard. incl.. præc.9
3919	On-call GP service 83	Vagtlægehjælp 83, Fremmedlegeme ¯j. Mv	On-call GP service 83, Fremmedlegeme øj. etc.
3920	On-call GP service 83	Vagtlægehjælp 83, Fremmødehonorar B080	On-call GP service 83, Fremmødehonorar b080
3922	On-call GP service 83	Vagtlægehjælp 83, Hon.v.vagtord.på øer	On-call GP service 83, Hon.v.vagtord.on øer
3926	On-call GP service 83	Vagtlægehjælp 83, Ins/udl væ/valadn sk	On-call GP service 83, Ins/udl væ/valadn sk
3935	On-call GP service 83	Vagtlægehjælp 83, Næsetamponade M.V.	On-call GP service 83, Næsetamponade m.v.
3958	On-call GP service 83	Vagtlægehjælp 83, Udfyld. af dødsa.s.2	On-call GP service 83, Udfyld. of dødsa.s.2
3959	On-call GP service 83	Vagtlægehjælp 83, Udlån/instr.blodtryk	On-call GP service 83, Udlån/instr.blodtryk
3975	On-call GP service 83	Vagtlægehjælp 83, ¤2.A35Afstandstillæg	On-call GP service 83, ¤2.a35afstandstillæg
4007	Pre-hospital	Præhospital, Ligsyn og dødsat.A42	Pre-hospital, Death inspection and dødsat.a42
4011	Pre-hospital	Præhospital, Psykisk førstehjælp	Pre-hospital, Psykisk førstehjælp
4016	Pre-hospital	Præhospital, el.kardiogr. inkl. præcordialafl.	Pre-hospital, El.kardiogr. incl.. præcordialafl.
4029	KFA on-call service 89	KFA-vagtordning 89, Fremmedlegeme øj. Mv	KFA on-call service 89, Fremmedlegeme øj. etc.
4072	Surgery	Kirurgi, Dopplerundersøgelse	Surgery, Dopplerundersøgelse
4074	Surgery	Kirurgi, Du-Sc af årekpat.A25	Surgery, Du-sc of årekpat.a25
4088	Surgery	Kirurgi, Fj.slimsæk på albue	Surgery, Removal.slimsæk on albue
4100	Surgery	Kirurgi, Hæmor. Ligatur Fg.An	Surgery, Hæmor. ligatur fg.an
4113	Surgery	Kirurgi, Injekt. Hæmor. Fg.An	Surgery, Injection. hæmor. fg.an
4130	Surgery	Kirurgi, Op. Kon. Håndf. 1.An	Surgery, Operation kon. håndf. 1.an
4137	Surgery	Kirurgi, Op.årekn.ex.lysk.hø	Surgery, Op.varicose veins.ex.lysk.hø
4139	Surgery	Kirurgi, Op.årekn.i lysk.hø.b	Surgery, Op.varicose veins.i lysk.hø.b
4160	Surgery	Kirurgi, Operat. åreknud. Flg	Surgery, Operation åreknud. flg
4181	Surgery	Kirurgi, Ritu. omskær.  2 A13	Surgery, Ritu. omskær. 2 a13
4208	Surgery	Kirurgi, Ultralyd.sc.øv.abdom	Surgery, Ultralyd.sc.øv.abdom
4210	Surgery	Kirurgi, Urinprøvetag Steril4	Surgery, Urinprøvetag steril4
4220	Surgery	Kirurgi, fj.slimsæk albue1.an	Surgery, Removal.slimsæk albue1.an
