SEKVENS;KODE;NIVEAU;TITEL;GENERELLE_NOTER;INKLUDERER;INKLUDERER_OGSÅ;EKSKLUDERER;PARAGRAF;MÅLEENHED
1;"A";1;Landbrug, skovbrug og fiskeri;;;;;;
2;"01.11.00";2;Dyrkning af korn (undtagen ris), bælgfrugter og olieholdige frø;;;;;;
3;"01.12.00";2;Dyrkning af ris;;;;;;
4;"01.13.00";2;Dyrkning af grøntsager og meloner, rødder og rodknolde;;;;;;
5;"01.14.00";2;Dyrkning af sukkerrør;;;;;;
6;"01.15.00";2;Dyrkning af tobak;;;;;;
7;"01.16.00";2;Dyrkning af tekstilplanter;;;;;;
8;"01.19.00";2;Dyrkning af andre etårige afgrøder;;;;;;
9;"01.21.00";2;Dyrkning af druer;;;;;;
10;"01.22.00";2;Dyrkning af tropiske og subtropiske frugter;;;;;;
11;"01.23.00";2;Dyrkning af citrusfrugter;;;;;;
12;"01.24.00";2;Dyrkning af kernefrugter og stenfrugter;;;;;;
13;"01.25.00";2;Dyrkning af andre træfrugter, bær og nødder;;;;;;
14;"01.26.00";2;Dyrkning af olieholdige frugter;;;;;;
15;"01.27.00";2;Dyrkning af planter til fremstilling af drikkevarer;;;;;;
16;"01.28.00";2;Dyrkning af krydderiplanter, aromaplanter og lægeplanter;;;;;;
17;"01.29.00";2;Dyrkning af andre flerårige afgrøder;;;;;;
18;"01.30.00";2;Planteformering;;;;;;
19;"01.41.00";2;Avl af malkekvæg;;;;;;
20;"01.42.00";2;Avl af andet kvæg og bøfler;;;;;;
21;"01.43.00";2;Avl af heste og dyr af hestefamilien;;;;;;
22;"01.44.00";2;Avl af kameler og dyr af kamelfamilien;;;;;;
23;"01.45.00";2;Avl af får og geder;;;;;;
24;"01.46.10";2;Avl af smågrise;;;;;;
25;"01.46.20";2;Produktion af slagtesvin;;;;;;
26;"01.47.00";2;Fjerkræavl;;;;;;
27;"01.48.00";2;Avl af andre dyr;;;;;;
28;"01.50.00";2;Blandet landbrugsdrift;;;;;;
29;"01.61.00";2;Støtteaktiviteter i forbindelse med planteavl;;;;;;
30;"01.62.00";2;Støtteaktiviteter i forbindelse med husdyravl;;;;;;
31;"01.63.00";2;Forarbejdning af afgrøder efter høst af frø/sædekorn til udsæd;;;;;;
32;"01.70.00";2;Jagt, fældefangst og serviceydelser i forbindelse hermed;;;;;;
33;"02.10.00";2;Dyrkning af træer og andre skovbrugsaktiviteter;;;;;;
34;"02.20.00";2;Skovning;;;;;;
35;"02.30.00";2;Indsamling af vildtvoksende forstmateriale, undtagen træer;;;;;;
36;"02.40.00";2;Støtteaktiviteter i forbindelse med skovbrug;;;;;;
37;"03.11.00";2;Havfiskeri;;;;;;
38;"03.12.00";2;Ferskvandsfiskeri;;;;;;
39;"03.21.00";2;Havbrug;;;;;;
40;"03.22.00";2;Ferskvandsbrug;;;;;;
41;"03.30.00";2;Støtteaktiviteter i forbindelse med fiskeri og akvakultur;;;;;;
42;"B";1;Råstofindvinding;;;;;;
43;"05.10.00";2;Indvinding af stenkul;;;;;;
44;"05.20.00";2;Indvinding af brunkul;;;;;;
45;"06.10.00";2;Indvinding af råolie;;;;;;
46;"06.20.00";2;Indvinding af naturgas;;;;;;
47;"07.10.00";2;Brydning af jernmalm;;;;;;
48;"07.21.00";2;Brydning af uran- og thoriummalme;;;;;;
49;"07.29.00";2;Brydning af andre ikke-jernholdige metalmalme;;;;;;
50;"08.11.00";2;Brydning af pyntesten, kalksten, gips, skifer mv.;;;;;;
51;"08.12.00";2;Grus- og sandgravning og indvinding af ler og kaolin;;;;;;
52;"08.91.00";2;Indvinding af mineraler til fremstilling af kemiske produkter og gødningsstoffer;;;;;;
53;"08.92.00";2;Indvinding af tørv;;;;;;
54;"08.93.00";2;Saltindvinding;;;;;;
55;"08.99.00";2;Anden råstofindvinding i.a.n.;;;;;;
56;"09.10.00";2;Støtteaktiviteter i forbindelse med indvinding af råolie og naturgas;;;;;;
57;"09.90.00";2;Støtteaktiviteter i forbindelse med anden råstofindvinding;;;;;;
58;"C10-C12";1;Fødevare-, drikkevare- og tobaksindustri;;;;;;
59;"10.11.10";2;Forarbejdning af svinekød;;;;;;
60;"10.11.90";2;Forarbejdning af andet kød;;;;;;
61;"10.12.00";2;Forarbejdning og konservering af fjerkrækød;;;;;;
62;"10.13.00";2;Fremstilling af kød- og fjerkrækødprodukter;;;;;;
63;"10.20.10";2;Fremstilling af fiskemel;;;;;;
64;"10.20.20";2;Forarbejdning og konservering af fisk, krebsdyr og bløddyr, undtagen fiskemel;;;;;;
65;"10.31.00";2;Forarbejdning og konservering af kartofler;;;;;;
66;"10.32.00";2;Fremstilling af frugt- og grøntsagssaft;;;;;;
67;"10.39.00";2;Anden forarbejdning og konservering af frugt og grøntsager;;;;;;
68;"10.41.00";2;Fremstilling af olier og fedtstoffer;;;;;;
69;"10.42.00";2;Fremstilling af margarine o.lign. spiselige fedtstoffer;;;;;;
70;"10.51.00";2;Fremstilling af mejeriprodukter;;;;;;
71;"10.52.00";2;Fremstilling af konsumis;;;;;;
72;"10.61.00";2;Fremstilling af mølleriprodukter;;;;;;
73;"10.62.00";2;Fremstilling af stivelse og stivelsesprodukter;;;;;;
74;"10.71.10";2;Industriel fremstilling af brød og kager mv.;;;;;;
75;"10.71.20";2;Fremstilling af friske bageriprodukter;;;;;;
76;"10.72.00";2;Fremstilling af tvebakker, kiks, konserverede kager, tærter mv.;;;;;;
77;"10.73.00";2;Fremstilling af dejprodukter;;;;;;
78;"10.81.00";2;Fremstilling af sukker;;;;;;
79;"10.82.00";2;Fremstilling af kakao, chokolade og sukkervarer;;;;;;
80;"10.83.00";2;Forarbejdning af te og kaffe;;;;;;
81;"10.84.00";2;Fremstilling af smagspræparater og krydderier;;;;;;
82;"10.85.00";2;Fremstilling af færdigretter;;;;;;
83;"10.86.00";2;Fremstilling af homogeniserede produkter og diætmad;;;;;;
84;"10.89.00";2;Fremstilling af andre fødevarer i.a.n.;;;;;;
85;"10.91.00";2;Fremstilling af færdige foderblandinger til landbrugsdyr;;;;;;
86;"10.92.00";2;Fremstilling af færdige foderblandinger til kæledyr;;;;;;
87;"11.01.00";2;Destillation, rektifikation og blanding af alkohol;;;;;;
88;"11.02.00";2;Fremstilling af vin af druer;;;;;;
89;"11.03.00";2;Fremstilling af cider og andre gærede drikkevarer af frugt;;;;;;
90;"11.04.00";2;Fremstilling af andre ikke-destillerede gærede drikkevarer;;;;;;
91;"11.05.00";2;Fremstilling af øl;;;;;;
92;"11.06.00";2;Fremstilling af malt;;;;;;
93;"11.07.00";2;Fremstilling af læskedrikke og vand på flaske;;;;;;
94;"12.00.00";2;Fremstilling af tobaksvarer;;;;;;
95;"C13-C15";1;Tekstil-, beklædnings- og læderindustri;;;;;;
96;"13.10.00";2;Forbehandling og spinding af tekstilfibre;;;;;;
97;"13.20.00";2;Vævning af tekstiler;;;;;;
98;"13.30.00";2;Efterbehandling af tekstiler;;;;;;
99;"13.91.00";2;Fremstilling af trikotagestoffer;;;;;;
100;"13.92.00";2;Fremstilling af tekstiler til husholdningsbrug og færdige boligtekstiler;;;;;;
101;"13.93.00";2;Fremstilling af gulvtæpper og -måtter;;;;;;
102;"13.94.00";2;Fremstilling af reb, tovværk, sejlgarn og netstoffer;;;;;;
103;"13.95.00";2;Fremstilling af fiberdug og varer af fiberdug;;;;;;
104;"13.96.00";2;Fremstilling af andre tekniske og industrielle tekstiler;;;;;;
105;"13.99.00";2;Fremstilling af andre tekstiler i.a.n.;;;;;;
106;"14.10.00";2;Fremstilling af strikkede og hæklede beklædningsartikler;;;;;;
107;"14.21.00";2;Fremstilling af yderbeklædning;;;;;;
108;"14.22.00";2;Fremstilling af underbeklædning;;;;;;
109;"14.23.00";2;Fremstilling af arbejdsbeklædning;;;;;;
110;"14.24.00";2;Fremstilling af beklædningsartikler af læder og pelsskind;;;;;;
111;"14.29.00";2;Fremstilling af andre beklædningsartikler samt tilbehør i.a.n.;;;;;;
112;"15.11.00";2;Garvning, beredning og farvning af læder og pelsskind;;;;;;
113;"15.12.00";2;Fremstilling af tasker, kufferter, sadelmagervarer mv., uanset materialets art;;;;;;
114;"15.20.00";2;Fremstilling af fodtøj;;;;;;
115;"C16-C18";1;Træ- og papirindustri samt trykning;;;;;;
116;"16.11.00";2;Udsavning og høvling af træ;;;;;;
117;"16.12.00";2;Forarbejdning og færdigbearbejdning af træ;;;;;;
118;"16.21.00";2;Fremstilling af finerplader og træbaserede plader;;;;;;
119;"16.22.00";2;Fremstilling af sammensatte parketstave;;;;;;
120;"16.23.00";2;Fremstilling af bygningstømmer og snedkeriartikler i øvrigt;;;;;;
121;"16.24.00";2;Fremstilling af træemballage;;;;;;
122;"16.25.00";2;Fremstilling af døre og vinduer af træ;;;;;;
123;"16.26.00";2;Fremstilling af fast brændsel på basis af vegetabilsk biomasse;;;;;;
124;"16.27.00";2;Færdigbearbejdning af trævarer;;;;;;
125;"16.28.00";2;Fremstilling af andre trævarer og varer af kork, strå og flettematerialer;;;;;;
126;"17.11.00";2;Fremstilling af papirmasse;;;;;;
127;"17.12.00";2;Fremstilling af papir og pap;;;;;;
128;"17.21.00";2;Fremstilling af bølgepap, pap og emballage af papir og pap;;;;;;
129;"17.22.00";2;Fremstilling af husholdningsartikler og hygiejneartikler samt toiletartikler af papir og pap;;;;;;
130;"17.23.00";2;Fremstilling af kontorartikler af papir;;;;;;
131;"17.24.00";2;Fremstilling af tapet;;;;;;
132;"17.25.00";2;Fremstilling af andre papir- og papvarer;;;;;;
133;"18.11.00";2;Trykning af dagblade;;;;;;
134;"18.12.00";2;Anden trykning;;;;;;
135;"18.13.00";2;Prepress- og premedia-arbejde;;;;;;
136;"18.14.00";2;Bogbinding og lignende serviceydelser;;;;;;
137;"18.20.00";2;Reproduktion af indspillede medier;;;;;;
138;"C19";1;Mineralolieindustri;;;;;;
139;"19.10.00";2;Fremstilling af koksovnsprodukter;;;;;;
140;"19.20.00";2;Fremstilling af raffinerede mineralolieprodukter og fossile brændstoffer;;;;;;
141;"C20";1;Kemisk industri;;;;;;
142;"20.11.00";2;Fremstilling af industrigasser;;;;;;
143;"20.12.00";2;Fremstilling af farvestoffer og pigmenter;;;;;;
144;"20.13.00";2;Fremstilling af andre uorganiske basiskemikalier;;;;;;
145;"20.14.00";2;Fremstilling af andre organiske basiskemikalier;;;;;;
146;"20.15.00";2;Fremstilling af gødningsstoffer og nitrogenprodukter;;;;;;
147;"20.16.00";2;Fremstilling af plast i ubearbejdet form;;;;;;
148;"20.17.00";2;Fremstilling af syntetisk gummi i ubearbejdet form;;;;;;
149;"20.20.00";2;Fremstilling af pesticider, desinfektionsmidler og andre agrokemiske produkter;;;;;;
150;"20.30.00";2;Fremstilling af maling, lak og lignende overfladebehandlingsmidler, trykfarver samt tætningsmaterialer;;;;;;
151;"20.41.00";2;Fremstilling af sæbe, rengørings- og rensemidler samt poleremidler;;;;;;
152;"20.42.00";2;Fremstilling af parfume, hårshampoo, tandpasta mv.;;;;;;
153;"20.51.00";2;Fremstilling af flydende biobrændstoffer;;;;;;
154;"20.59.00";2;Fremstilling af andre kemiske produkter i.a.n.;;;;;;
155;"20.60.00";2;Fremstilling af kemofibre;;;;;;
156;"C21";1;Medicinalindustri;;;;;;
157;"21.10.00";2;Fremstilling af farmaceutiske råvarer;;;;;;
158;"21.20.00";2;Fremstilling af farmaceutiske præparater;;;;;;
159;"C22-C23";1;Gummi-, plast-, glas- og betonindustri;;;;;;
160;"22.11.00";2;Fremstilling og vulkanisering af gummidæk og fremstilling af gummislanger;;;;;;
161;"22.12.00";2;Fremstilling af andre gummiprodukter;;;;;;
162;"22.21.00";2;Fremstilling af plader, ark, rør og slanger samt profiler af plast;;;;;;
163;"22.22.00";2;Fremstilling af plastemballage;;;;;;
164;"22.23.00";2;Fremstilling af døre og vinduer af plast;;;;;;
165;"22.24.00";2;Fremstilling af bygningsartikler af plast;;;;;;
166;"22.25.00";2;Forarbejdning og færdigbehandling af plastprodukter;;;;;;
167;"22.26.00";2;Fremstilling af andre plastprodukter;;;;;;
168;"23.11.00";2;Fremstilling af planglas;;;;;;
169;"23.12.00";2;Formning og forarbejdning af planglas;;;;;;
170;"23.13.00";2;Fremstilling af flasker, drikkeglas mv.;;;;;;
171;"23.14.00";2;Fremstilling af glasfiber;;;;;;
172;"23.15.00";2;Fremstilling og bearbejdning af andet glas, herunder teknisk glas;;;;;;
173;"23.20.00";2;Fremstilling af ildfaste produkter;;;;;;
174;"23.31.00";2;Fremstilling af keramiske teglsten og gulvfliser;;;;;;
175;"23.32.00";2;Fremstilling af mursten, teglsten og byggematerialer af brændt ler;;;;;;
176;"23.41.00";2;Fremstilling af keramiske husholdningsartikler og pyntegenstande;;;;;;
177;"23.42.00";2;Fremstilling af keramiske sanitetsartikler;;;;;;
178;"23.43.00";2;Fremstilling af keramiske isolatorer og isoleringsdele;;;;;;
179;"23.44.00";2;Fremstilling af andre keramiske produkter til teknisk brug;;;;;;
180;"23.45.00";2;Fremstilling af andre keramiske produkter;;;;;;
181;"23.51.00";2;Fremstilling af cement;;;;;;
182;"23.52.00";2;Fremstilling af kalk og gips;;;;;;
183;"23.61.00";2;Fremstilling af byggematerialer af beton;;;;;;
184;"23.62.00";2;Fremstilling af byggematerialer af gips;;;;;;
185;"23.63.00";2;Fremstilling af færdigblandet beton;;;;;;
186;"23.64.00";2;Fremstilling af mørtel;;;;;;
187;"23.65.00";2;Fremstilling af fibercement;;;;;;
188;"23.66.00";2;Fremstilling af andre produkter af beton, cement og gips;;;;;;
189;"23.70.00";2;Tilhugning, tilskæring og færdigbearbejdning af sten;;;;;;
190;"23.91.00";2;Fremstilling af slibemidler;;;;;;
191;"23.99.10";2;Fremstilling af asfalt og tagpap;;;;;;
192;"23.99.90";2;Fremstilling af andre ikke-metalholdige mineralske produkter, bortset fra asfalt og tagpap;;;;;;
193;"C24-C25";1;Metal- og metalvareindustri;;;;;;
194;"24.10.00";2;Fremstilling af råjern og råstål samt jernlegeringer;;;;;;
195;"24.20.00";2;Fremstilling af rør, hule profiler og tilhørende fittings af stål;;;;;;
196;"24.31.00";2;Fremstilling af stænger ved koldtrækning;;;;;;
197;"24.32.00";2;Fremstilling af stålbånd ved koldvalsning;;;;;;
198;"24.33.00";2;Koldbehandling;;;;;;
199;"24.34.00";2;Fremstilling af tråd ved koldtrækning;;;;;;
200;"24.41.00";2;Fremstilling af ædelmetaller;;;;;;
201;"24.42.00";2;Fremstilling af aluminium;;;;;;
202;"24.43.00";2;Fremstilling af bly, zink og tin;;;;;;
203;"24.44.00";2;Fremstilling af kobber;;;;;;
204;"24.45.00";2;Anden fremstilling af ikke-jernholdige metaller;;;;;;
205;"24.46.00";2;Oparbejdning af nukleart brændsel;;;;;;
206;"24.51.00";2;Støbning af jernprodukter;;;;;;
207;"24.52.00";2;Støbning af stålprodukter;;;;;;
208;"24.53.00";2;Støbning af letmetalprodukter;;;;;;
209;"24.54.00";2;Støbning af andre ikke-jernholdige metalprodukter;;;;;;
210;"25.11.00";2;Fremstilling af metalkonstruktioner og dele heraf;;;;;;
211;"25.12.00";2;Fremstilling af døre og vinduer af metal;;;;;;
212;"25.21.00";2;Fremstilling af radiatorer, damp- og fyringskedler til centralvarmeanlæg;;;;;;
213;"25.22.00";2;Fremstilling af andre tanke og beholdere af metal;;;;;;
214;"25.30.00";2;Fremstilling af våben og ammunition;;;;;;
215;"25.40.00";2;Smedning og valsning af metal samt pulvermetallurgi;;;;;;
216;"25.51.00";2;Overfladebehandling af metal;;;;;;
217;"25.52.00";2;Varmebehandling af metal;;;;;;
218;"25.53.00";2;Maskinforarbejdning af metal;;;;;;
219;"25.61.00";2;Fremstilling af bestik, skære- og klipperedskaber;;;;;;
220;"25.62.00";2;Fremstilling af låse og hængsler;;;;;;
221;"25.63.00";2;Fremstilling af håndværktøj;;;;;;
222;"25.91.00";2;Fremstilling af metaltønder og lignende beholdere;;;;;;
223;"25.92.00";2;Fremstilling af letmetalemballage;;;;;;
224;"25.93.00";2;Fremstilling af trådvarer, kæder og fjedre;;;;;;
225;"25.94.00";2;Fremstilling af lukkeanordninger, bolte, skruer og møtrikker;;;;;;
226;"25.99.00";2;Fremstilling af andre færdige metalprodukter i.a.n.;;;;;;
227;"C26";1;Elektronikindustri;;;;;;
228;"26.11.00";2;Fremstilling af elektroniske komponenter;;;;;;
229;"26.12.00";2;Fremstilling af printplader o.lign.;;;;;;
230;"26.20.00";2;Fremstilling af computere og ydre enheder;;;;;;
231;"26.30.00";2;Fremstilling af kommunikationsudstyr;;;;;;
232;"26.40.00";2;Fremstilling af elektronik til husholdninger;;;;;;
233;"26.51.00";2;Fremstilling af instrumenter og udstyr til måling, afprøvning og navigation;;;;;;
234;"26.52.00";2;Fremstilling af ure;;;;;;
235;"26.60.10";2;Fremstilling af høreapparater og dele hertil;;;;;;
236;"26.60.90";2;Fremstilling af bestrålingsudstyr og elektromedicinsk og elektroterapeutisk udstyr;;;;;;
237;"26.70.00";2;Fremstilling af optiske instrumenter, magnetiske og optiske medier og fotografisk udstyr;;;;;;
238;"C27";1;Fremstilling af elektrisk udstyr;;;;;;
239;"27.11.00";2;Fremstilling af elektriske motorer, generatorer og transformatorer;;;;;;
240;"27.12.00";2;Fremstilling af elektriske fordelings- og kontrolapparater;;;;;;
241;"27.20.00";2;Fremstilling af batterier og akkumulatorer;;;;;;
242;"27.31.00";2;Fremstilling af lyslederkabler;;;;;;
243;"27.32.00";2;Fremstilling af andre elektroniske og elektriske ledninger og kabler;;;;;;
244;"27.33.00";2;Fremstilling af tilbehør til ledninger og kabler;;;;;;
245;"27.40.00";2;Fremstilling af belysningsartikler;;;;;;
246;"27.51.00";2;Fremstilling af elektriske husholdningsapparater;;;;;;
247;"27.52.00";2;Fremstilling af ikke-elektriske husholdningsapparater;;;;;;
248;"27.90.00";2;Fremstilling af andet elektrisk udstyr;;;;;;
249;"C28";1;Maskinindustri;;;;;;
250;"28.11.00";2;Fremstilling af motorer og turbiner, undtagen motorer til flyvemaskiner, motorkøretøjer og knallerter;;;;;;
251;"28.12.00";2;Fremstilling af hydraulisk udstyr;;;;;;
252;"28.13.00";2;Fremstilling af andre pumper og kompressorer;;;;;;
253;"28.14.00";2;Fremstilling af andre haner og ventiler;;;;;;
254;"28.15.00";2;Fremstilling af lejer, tandhjul, tandhjulsudvekslinger og drivelementer;;;;;;
255;"28.21.00";2;Fremstilling af ovne, ildsteder og fyringsaggregater til boligopvarmning;;;;;;
256;"28.22.00";2;Fremstilling af løfte- og håndteringsudstyr;;;;;;
257;"28.23.00";2;Fremstilling af kontormaskiner og -udstyr, undtagen computere og ydre enheder;;;;;;
258;"28.24.00";2;Fremstilling af motordrevet håndværktøj;;;;;;
259;"28.25.00";2;Fremstilling af klimaanlæg, ikke til husholdningsbrug;;;;;;
260;"28.29.00";2;Fremstilling af andre maskiner til generelle formål i.a.n.;;;;;;
261;"28.30.00";2;Fremstilling af landbrugs- og skovbrugsmaskiner;;;;;;
262;"28.41.00";2;Fremstilling af metalforarbejdende maskiner og maskinværktøj til bearbejdning af metal;;;;;;
263;"28.42.00";2;Fremstilling af andet maskinværktøj;;;;;;
264;"28.91.00";2;Fremstilling af maskiner til metallurgi;;;;;;
265;"28.92.00";2;Fremstilling af maskiner til råstofindvindingsindustrien samt bygge- og anlæg;;;;;;
266;"28.93.00";2;Fremstilling af maskiner til føde-, drikke- og tobaksvareindustrien;;;;;;
267;"28.94.00";2;Fremstilling af maskiner til produktion af tekstiler, beklædningsartikler og læder;;;;;;
268;"28.95.00";2;Fremstilling af maskiner til produktion af papir og pap;;;;;;
269;"28.96.00";2;Fremstilling af maskiner til produktion af plast og gummi;;;;;;
270;"28.97.00";2;Fremstilling af maskiner til additiv fremstilling;;;;;;
271;"28.99.00";2;Fremstilling af andre maskiner til specielle formål i.a.n.;;;;;;
272;"C29-C30";1;Transportmiddelindustri;;;;;;
273;"29.10.00";2;Fremstilling af motorkøretøjer;;;;;;
274;"29.20.00";2;"Fremstilling af karosserier til motorkøretøjer; fremstilling af påhængsvogne og sættevogne";;;;;;
275;"29.31.00";2;Fremstilling af elektrisk og elektronisk udstyr til motorkøretøjer;;;;;;
276;"29.32.00";2;Fremstilling af andre dele og tilbehør til motorkøretøjer;;;;;;
277;"30.11.00";2;Bygning af civile skibe og flydende materiel;;;;;;
278;"30.12.00";2;Bygning af både til fritid og sport;;;;;;
279;"30.13.00";2;Bygning af militærfartøjer;;;;;;
280;"30.20.00";2;Fremstilling af lokomotiver og andet rullende materiel til jernbaner og sporveje;;;;;;
281;"30.31.00";2;Fremstilling af civile luft- og rumfartøjer o.lign.;;;;;;
282;"30.32.00";2;Fremstilling af militære luft- og rumfartøjer o.lign.;;;;;;
283;"30.40.00";2;Fremstilling af militære kampkøretøjer;;;;;;
284;"30.91.00";2;Fremstilling af motorcykler;;;;;;
285;"30.92.00";2;Fremstilling af cykler og kørestole;;;;;;
286;"30.99.00";2;Fremstilling af andre transportmidler i.a.n.;;;;;;
287;"C31-C33";1;Møbelindustri og anden industri;;;;;;
288;"31.00.00";2;Fremstilling af møbler;;;;;;
289;"32.11.00";2;Prægning af mønter;;;;;;
290;"32.12.00";2;Fremstilling af smykker og lignende varer;;;;;;
291;"32.13.00";2;Fremstilling af bijouteri og lignende varer;;;;;;
292;"32.20.00";2;Fremstilling af musikinstrumenter;;;;;;
293;"32.30.00";2;Fremstilling af sportsudstyr;;;;;;
294;"32.40.00";2;Fremstilling af spil og legetøj;;;;;;
295;"32.50.00";2;Fremstilling af medicinske og dentale instrumenter samt udstyr hertil;;;;;;
296;"32.91.00";2;Fremstilling af koste og børster;;;;;;
297;"32.99.00";2;Andre fremstillingsaktiviteter i.a.n.;;;;;;
298;"33.11.00";2;Reparation og vedligeholdelse af færdige metalprodukter;;;;;;
299;"33.12.00";2;Reparation og vedligeholdelse af maskiner;;;;;;
300;"33.13.00";2;Reparation og vedligeholdelse af elektronisk og optisk udstyr;;;;;;
301;"33.14.00";2;Reparation og vedligeholdelse af elektrisk udstyr;;;;;;
302;"33.15.00";2;Reparation og vedligeholdelse af civile skibe og både;;;;;;
303;"33.16.00";2;Reparation og vedligeholdelse af civile luft- og rumfartøjer;;;;;;
304;"33.17.00";2;Reparation og vedligeholdelse af andre civile transportmidler;;;;;;
305;"33.18.00";2;Reparation og vedligeholdelse af militære kampkøretøjer, skibe, både og luft- og rumfartøjer;;;;;;
306;"33.19.00";2;Reparation og vedligeholdelse af andet udstyr;;;;;;
307;"33.20.00";2;Installation af industrimaskiner og -udstyr;;;;;;
308;"D";1;Energiforsyning;;;;;;
309;"35.11.00";2;Produktion af elektricitet fra ikke-vedvarende energikilder;;;;;;
310;"35.12.00";2;Produktion af elektricitet fra vedvarende energikilder;;;;;;
311;"35.13.00";2;Transmission af elektricitet;;;;;;
312;"35.14.00";2;Distribution af elektricitet;;;;;;
313;"35.15.10";2;Handel med elektricitet via ladestationer o. lign.;;;;;;
314;"35.15.90";2;Anden handel med elektricitet;;;;;;
315;"35.16.00";2;Lagring af elektricitet;;;;;;
316;"35.21.00";2;Produktion af gas;;;;;;
317;"35.22.00";2;Distribution af gas;;;;;;
318;"35.23.00";2;Handel med gas gennem rørledninger;;;;;;
319;"35.24.00";2;Oplagring af gas i forbindelse med drift af forsyningsnet;;;;;;
320;"35.30.00";2;Fjernvarmeforsyning;;;;;;
321;"35.40.00";2;Mægler- og agentaktiviteter i forbindelse med forsyning af elektricitet og naturgas;;;;;;
322;"E";1;Vandforsyning, spildevands- og affaldshåndtering;;;;;;
323;"36.00.00";2;Vandforsyning;;;;;;
324;"37.00.00";2;Opsamling og behandling af spildevand;;;;;;
325;"38.11.00";2;Indsamling af ikke-farligt affald;;;;;;
326;"38.12.00";2;Indsamling af farligt affald;;;;;;
327;"38.21.00";2;Genindvinding af materialer;;;;;;
328;"38.22.00";2;Energiudnyttelse af affald;;;;;;
329;"38.23.00";2;Anden nyttiggørelse af affald;;;;;;
330;"38.31.00";2;Forbrænding uden energiudnyttelse;;;;;;
331;"38.32.00";2;Deponering eller permanent oplagring;;;;;;
332;"38.33.00";2;Anden bortskaffelse af affald;;;;;;
333;"39.00.00";2;Rensning af jord og grundvand og anden dekontaminering;;;;;;
334;"F";1;Byggeri og anlæg;;;;;;
335;"41.00.00";2;Opførelse af bygninger;;;;;;
336;"42.11.00";2;Anlæg af veje og motorveje;;;;;;
337;"42.12.00";2;Anlæg af jernbaner og undergrundsbaner;;;;;;
338;"42.13.00";2;Anlæg af broer og tunneller;;;;;;
339;"42.21.00";2;Anlæg af ledningsnet til væsker;;;;;;
340;"42.22.00";2;Anlæg af ledningsnet til elektricitet og telekommunikation;;;;;;
341;"42.91.00";2;Anlæg af vandveje, havne, diger, dæmninger mv.;;;;;;
342;"42.99.00";2;Andre anlægsaktiviteter i.a.n.;;;;;;
343;"43.11.00";2;Nedrivning;;;;;;
344;"43.12.00";2;Forberedende byggepladsarbejder;;;;;;
345;"43.13.00";2;Funderingsundersøgelser;;;;;;
346;"43.21.00";2;El-installation;;;;;;
347;"43.22.00";2;Installation af vvs-, varme- og klimaanlæg;;;;;;
348;"43.23.00";2;Installation af isolering;;;;;;
349;"43.24.00";2;Andre bygningsinstallationsaktiviteter;;;;;;
350;"43.31.00";2;Stukkatøraktiviteter;;;;;;
351;"43.32.00";2;Tømrer- og bygningssnedkeraktiviteter;;;;;;
352;"43.33.00";2;Udførelse af gulvbelægninger og vægbeklædning;;;;;;
353;"43.34.10";2;Maleraktiviteter;;;;;;
354;"43.34.20";2;Glarmesteraktiviteter;;;;;;
355;"43.35.00";2;Anden bygningsfærdiggørelse;;;;;;
356;"43.41.00";2;Tagdækningsaktiviteter;;;;;;
357;"43.42.00";2;Andre specialiserede bygningsarbejder;;;;;;
358;"43.50.00";2;Specialiserede anlægsaktiviteter;;;;;;
359;"43.60.00";2;Formidlingsaktiviteter i forbindelse med specialiserede bygge- og anlægsarbejder;;;;;;
360;"43.91.00";2;Murerarbejde;;;;;;
361;"43.99.00";2;Andre specialiserede byggeaktiviteter i.a.n.;;;;;;
362;"G";1;Engros- og detailhandel;;;;;;
363;"46.11.00";2;Agenturhandel med landbrugsråvarer, levende dyr, tekstilråvarer og halvfabrikata;;;;;;
364;"46.12.00";2;Agenturhandel med brændstoffer, malme, metaller og kemiske produkter til industrien;;;;;;
365;"46.13.00";2;Agenturhandel med tømmer og andre byggematerialer;;;;;;
366;"46.14.00";2;Agenturhandel med maskiner, teknisk udstyr, skibe og flyvemaskiner;;;;;;
367;"46.15.00";2;Agenturhandel med møbler, husholdningsartikler og isenkram;;;;;;
368;"46.16.00";2;Agenturhandel med tekstiler, beklædning, pelsværk, fodtøj og lædervarer;;;;;;
369;"46.17.10";2;Fiskeauktioner;;;;;;
370;"46.17.90";2;Anden agenturhandel med føde-, drikke- og tobaksvarer;;;;;;
371;"46.18.10";2;Agenturhandel med motorcykler, biler, busser og trailere mv.;;;;;;
372;"46.18.90";2;Agenturhandel med specialiseret varesortiment, bortset fra køretøjer;;;;;;
373;"46.19.00";2;Agenturhandel med ikke-specialiseret varesortiment;;;;;;
374;"46.21.00";2;Engroshandel med korn, uforarbejdet tobak, såsæd og foderstoffer;;;;;;
375;"46.22.00";2;Engroshandel med blomster og planter;;;;;;
376;"46.23.00";2;Engroshandel med levende dyr;;;;;;
377;"46.24.00";2;Engroshandel med huder, skind og læder;;;;;;
378;"46.31.00";2;Engroshandel med frugt og grøntsager;;;;;;
379;"46.32.10";2;Engroshandel med kød og kødprodukter;;;;;;
380;"46.32.20";2;Engroshandel med fisk og fiskeprodukter;;;;;;
381;"46.33.00";2;Engroshandel med mejeriprodukter, æg samt spiselige olier og fedtstoffer;;;;;;
382;"46.34.10";2;Engroshandel med øl, mineralvand, frugt- og grøntsagssaft;;;;;;
383;"46.34.20";2;Engroshandel med vin og spiritus;;;;;;
384;"46.35.00";2;Engroshandel med tobaksvarer;;;;;;
385;"46.36.00";2;Engroshandel med sukker, chokolade og sukkervarer;;;;;;
386;"46.37.00";2;Engroshandel med kaffe, te, kakao og krydderier;;;;;;
387;"46.38.00";2;Engroshandel med andre fødevarer;;;;;;
388;"46.39.00";2;Ikke-specialiseret engroshandel med føde-, drikke- og tobaksvarer;;;;;;
389;"46.41.00";2;Engroshandel med tekstiler;;;;;;
390;"46.42.10";2;Engroshandel med beklædning;;;;;;
391;"46.42.20";2;Engroshandel med fodtøj;;;;;;
392;"46.43.10";2;Engroshandel med hvidevarer og elektriske husholdningsartikler;;;;;;
393;"46.43.20";2;Engroshandel med radio og tv, fotografiske og optiske artikler;;;;;;
394;"46.44.10";2;Engroshandel med porcelæns- og glasvarer;;;;;;
395;"46.44.20";2;Engroshandel med rengøringsmidler;;;;;;
396;"46.45.00";2;Engroshandel med parfumerivarer og kosmetik;;;;;;
397;"46.46.10";2;Engroshandel med medicinalvarer og sygeplejeartikler;;;;;;
398;"46.46.20";2;Engroshandel med læge- og hospitalsartikler;;;;;;
399;"46.47.00";2;Engroshandel med møbler til bolig-, kontor- og butiksbrug, tæpper og belysningsartikler;;;;;;
400;"46.48.00";2;Engroshandel med ure og smykker;;;;;;
401;"46.49.10";2;Engroshandel med cykler, sportsartikler og lystbåde;;;;;;
402;"46.49.20";2;Engroshandel med bøger, papir og papirvarer;;;;;;
403;"46.49.30";2;Engroshandel med kufferter og lædervarer;;;;;;
404;"46.49.90";2;Engroshandel med andre husholdningsartikler i.a.n.;;;;;;
405;"46.50.00";2;Engroshandel med informations- og kommunikationsudstyr;;;;;;
406;"46.61.00";2;Engroshandel med landbrugsmaskiner, -udstyr og tilbehør hertil;;;;;;
407;"46.62.00";2;Engroshandel med værktøjsmaskiner;;;;;;
408;"46.63.00";2;Engroshandel med maskiner til minedrift og bygge- og anlægsaktiviteter;;;;;;
409;"46.64.00";2;Engroshandel med andre maskiner og andet udstyr;;;;;;
410;"46.71.00";2;Engroshandel med motorkøretøjer;;;;;;
411;"46.72.00";2;Engroshandel med reservedele og tilbehør til motorkøretøjer;;;;;;
412;"46.73.00";2;Engroshandel med motorcykler samt reservedele og tilbehør dertil;;;;;;
413;"46.81.00";2;Engroshandel med fast, flydende og luftformigt brændstof og lignende varer;;;;;;
414;"46.82.00";2;Engroshandel med metaller og metalmalme;;;;;;
415;"46.83.00";2;Engroshandel med træ og byggematerialer samt sanitetsartikler;;;;;;
416;"46.84.00";2;Engroshandel med isenkram, varmeanlæg og tilbehør;;;;;;
417;"46.85.00";2;Engroshandel med kemiske produkter;;;;;;
418;"46.86.00";2;Engroshandel med andre råvarer og halvfabrikata;;;;;;
419;"46.87.00";2;Engroshandel med affaldsprodukter;;;;;;
420;"46.89.00";2;Anden specialiseret engroshandel i.a.n.;;;;;;
421;"46.90.00";2;Ikke-specialiseret engroshandel;;;;;;
422;"47.11.10";2;Detailhandel med kioskvarer;;;;;;
423;"47.11.20";2;Detailhandel med dagligvarer i supermarkeder og købmandsbutikker;;;;;;
424;"47.11.30";2;Detailhandel med dagligvarer i discountsupermarkeder;;;;;;
425;"47.12.00";2;Anden ikke-specialiseret detailhandel;;;;;;
426;"47.21.00";2;Detailhandel med frugt og grøntsager;;;;;;
427;"47.22.00";2;Detailhandel med kød og kødprodukter;;;;;;
428;"47.23.00";2;Detailhandel med fisk, krebsdyr og bløddyr;;;;;;
429;"47.24.00";2;Detailhandel med bagværk og konfekture;;;;;;
430;"47.25.00";2;Detailhandel med drikkevarer;;;;;;
431;"47.26.00";2;Detailhandel med tobaksvarer;;;;;;
432;"47.27.00";2;Detailhandel med andre fødevarer;;;;;;
433;"47.30.00";2;Detailhandel med motorbrændstoffer;;;;;;
434;"47.40.00";2;Detailhandel med informations- og kommunikationsudstyr;;;;;;
435;"47.51.00";2;Detailhandel med tekstiler;;;;;;
436;"47.52.10";2;Detailhandel med maling og tapet;;;;;;
437;"47.52.20";2;Detailhandel med byggematerialer og værktøj;;;;;;
438;"47.53.00";2;Detailhandel med tæpper, vægbeklædning og gulvbelægning;;;;;;
439;"47.54.00";2;Detailhandel med elektriske husholdningsapparater;;;;;;
440;"47.55.10";2;Detailhandel med møbler;;;;;;
441;"47.55.20";2;Detailhandel med bad- og køkkenelementer mv.;;;;;;
442;"47.55.30";2;Detailhandel med køkkenudstyr og service mv.;;;;;;
443;"47.55.90";2;Detailhandel med boligtekstiler, belysnings- og husholdningsartikler i.a.n.;;;;;;
444;"47.61.00";2;Detailhandel med bøger;;;;;;
445;"47.62.00";2;Detailhandel med aviser og andre tidsskrifter samt kontorartikler;;;;;;
446;"47.63.10";2;Detailhandel med sports- og fritidsudstyr;;;;;;
447;"47.63.20";2;Detailhandel med cykler;;;;;;
448;"47.63.30";2;Detailhandel med lystbåde og udstyr hertil;;;;;;
449;"47.64.00";2;Detailhandel med spil og legetøj;;;;;;
450;"47.69.10";2;Detailhandel med musikinstrumenter;;;;;;
451;"47.69.20";2;Detailhandel med kunst mv.;;;;;;
452;"47.69.90";2;Detailhandel med andre kulturelle artikler i.a.n;;;;;;
453;"47.71.10";2;Detailhandel med tøj;;;;;;
454;"47.71.20";2;Detailhandel med baby- og børnetøj;;;;;;
455;"47.72.10";2;Detailhandel med fodtøj;;;;;;
456;"47.72.20";2;Detailhandel med lædervarer;;;;;;
457;"47.73.00";2;Detailhandel med farmaceutiske produkter;;;;;;
458;"47.74.10";2;Optikeraktiviteter;;;;;;
459;"47.74.20";2;Detailhandel med andre medicinske og ortopædiske artikler;;;;;;
460;"47.75.00";2;Detailhandel med kosmetikvarer og toiletartikler;;;;;;
461;"47.76.10";2;Detailhandel med blomster og planter;;;;;;
462;"47.76.20";2;Detailhandel med kæledyr og udstyr til kæledyr;;;;;;
463;"47.77.00";2;Detailhandel med ure og smykker;;;;;;
464;"47.78.00";2;Detailhandel med andre nye varer;;;;;;
465;"47.79.00";2;Detailhandel med brugte varer;;;;;;
466;"47.81.00";2;Detailhandel med motorkøretøjer;;;;;;
467;"47.82.00";2;Detailhandel med reservedele og tilbehør til motorkøretøjer;;;;;;
468;"47.83.00";2;Detailhandel med motorcykler samt reservedele og tilbehør dertil;;;;;;
469;"47.91.00";2;Formidlingsaktiviteter inden for ikke-specialiseret detailhandel;;;;;;
470;"47.92.00";2;Formidlingsaktiviteter inden for specialiseret detailhandel;;;;;;
471;"H";1;Transport;;;;;;
472;"49.11.00";2;Persontransport med regional- eller fjerntog;;;;;;
473;"49.12.00";2;Persontransport med nærbane;;;;;;
474;"49.20.00";2;Godstransport med tog;;;;;;
475;"49.31.00";2;Passagertransport ad vej med fast køreplan;;;;;;
476;"49.32.00";2;Passagertransport ad vej uden fast køreplan;;;;;;
477;"49.33.00";2;Passagertransport på bestilling i køretøj med chauffør;;;;;;
478;"49.34.00";2;Passagertransport med tovbaner og skilifter;;;;;;
479;"49.39.00";2;Anden landpassagertransport i.a.n.;;;;;;
480;"49.41.00";2;Vejgodstransport;;;;;;
481;"49.42.00";2;Flytteaktiviteter;;;;;;
482;"49.50.00";2;Rørtransport;;;;;;
483;"50.10.00";2;Sø- og kysttransport af passagerer;;;;;;
484;"50.20.00";2;Sø- og kysttransport af gods;;;;;;
485;"50.30.00";2;Transport af passagerer ad indre vandveje;;;;;;
486;"50.40.00";2;Transport af gods ad indre vandveje;;;;;;
487;"51.10.10";2;Passagertransport med rutefly;;;;;;
488;"51.10.20";2;Passagertransport med charter- og taxifly;;;;;;
489;"51.21.00";2;Lufttransport af gods;;;;;;
490;"51.22.00";2;Rumfart;;;;;;
491;"52.10.00";2;Oplagring og opbevaring;;;;;;
492;"52.21.10";2;Drift af stationer, godsterminaler mv.;;;;;;
493;"52.21.20";2;Drift af parkering og vejhjælp mv.;;;;;;
494;"52.21.30";2;Drift af betalingsveje, -broer og -tunneler;;;;;;
495;"52.22.10";2;Drift af erhvervshavne;;;;;;
496;"52.22.20";2;Drift af bugserings-, bjærgnings- og redningsvæsen mv.;;;;;;
497;"52.23.00";2;Serviceydelser i forbindelse med luftfart;;;;;;
498;"52.24.00";2;Godshåndtering;;;;;;
499;"52.25.00";2;Serviceydelser i forbindelse med logistik;;;;;;
500;"52.26.00";2;Andre støtteaktiviteter i forbindelse med transport;;;;;;
501;"52.31.00";2;Formidlingsaktiviteter inden for godstransport;;;;;;
502;"52.32.00";2;Formidlingsaktiviteter inden for passagertransport;;;;;;
503;"53.10.00";2;Postaktiviteter omfattet af forsyningspligten;;;;;;
504;"53.20.00";2;Andre post- og kuréraktiviteter;;;;;;
505;"53.30.00";2;Formidlingsaktiviteter inden for post- og kuréraktiviteter;;;;;;
506;"I";1;Overnatning og restauranter;;;;;;
507;"55.10.00";2;Drift af hoteller og lignende overnatningsfaciliteter;;;;;;
508;"55.20.00";2;Drift af ferieboliger og andre overnatningsfaciliteter til kortvarige ophold;;;;;;
509;"55.30.00";2;Drift af campingpladser;;;;;;
510;"55.40.00";2;Formidlingsaktiviteter inden for overnatningsfaciliteter;;;;;;
511;"55.90.00";2;Andre overnatningsfaciliteter;;;;;;
512;"56.11.10";2;Servering af mad i restauranter og caféer;;;;;;
513;"56.11.90";2;Drift af øvrige spisesteder;;;;;;
514;"56.12.00";2;Drift af mobile madboder;;;;;;
515;"56.21.00";2;Event catering;;;;;;
516;"56.22.00";2;Catering på kontrakt og andre restaurationsaktiviteter;;;;;;
517;"56.30.10";2;Udskænkning af ikke-alkoholiske drikkevarer;;;;;;
518;"56.30.20";2;Udskænkning af alkoholiske drikkevarer;;;;;;
519;"56.40.00";2;Formidlingsaktiviteter i forbindelse med restaurationsaktiviteter;;;;;;
520;"J";1;Udgivelse og produktion af medieindhold;;;;;;
521;"58.11.00";2;Udgivelse af bøger;;;;;;
522;"58.12.00";2;Udgivelse af aviser og dagblade;;;;;;
523;"58.13.00";2;Udgivelse af ugeblade og magasiner;;;;;;
524;"58.19.00";2;Andre udgiveraktiviteter, undtagen udgivelse af software;;;;;;
525;"58.21.00";2;Udgivelse af videospil;;;;;;
526;"58.29.00";2;Anden udgivelse af software;;;;;;
527;"59.11.00";2;Produktion af film, videoer og TV-programmer;;;;;;
528;"59.12.00";2;Aktiviteter efter produktion af film, videoer og TV-programmer;;;;;;
529;"59.13.00";2;Distribution af film og videoer;;;;;;
530;"59.14.00";2;Fremvisning af film og andre billedmedier;;;;;;
531;"59.20.00";2;Indspilning af lydoptagelser og udgivelse af musik;;;;;;
532;"60.10.00";2;Radioaktiviteter og distribution af lydoptagelser;;;;;;
533;"60.20.00";2;Programskabelse, udgivelse og distribution af billedoptagelser;;;;;;
534;"60.31.00";2;Nyhedsbureauers aktiviteter;;;;;;
535;"60.39.00";2;Anden distribution af medieindhold;;;;;;
536;"K61";1;Telekommunikation;;;;;;
537;"61.10.00";2;Levering af fastnetbaseret, trådløs og satellitbaseret telekommunikation;;;;;;
538;"61.20.00";2;Videresalg af telekommunikation og formidlingsaktiviteter inden for telekommunikation;;;;;;
539;"61.90.00";2;Andre telekommunikationsaktiviteter;;;;;;
540;"K62-K63";1;IT- og informationstjenester;;;;;;
541;"62.10.00";2;Computerprogrammering;;;;;;
542;"62.20.00";2;Computerkonsulentbistand og forvaltning af computerfaciliteter;;;;;;
543;"62.90.00";2;Andre IT- og computerserviceaktiviteter;;;;;;
544;"63.10.00";2;IT-infrastruktur, databehandling, hosting og relaterede aktiviteter;;;;;;
545;"63.91.00";2;Drift af portaler til internettet;;;;;;
546;"63.92.00";2;Andre informationsaktiviteter;;;;;;
547;"L";1;Finansiering og forsikring;;;;;;
548;"64.11.00";2;Centralbankers aktiviteter;;;;;;
549;"64.19.00";2;Andre pengeinstitutters aktiviteter;;;;;;
550;"64.21.10";2;Finansielle holdingselskaber;;;;;;
551;"64.21.20";2;Ikke-finansielle holdingselskaber;;;;;;
552;"64.21.30";2;Gennemløbsholdingselskaber;;;;;;
553;"64.22.00";2;Finansielle conduiters aktiviteter;;;;;;
554;"64.31.10";2;Pengemarkedsfondes aktiviteter;;;;;;
555;"64.31.20";2;Andre investeringsfondes aktiviteter;;;;;;
556;"64.32.00";2;Trusters aktiviteter;;;;;;
557;"64.91.00";2;Finansiel leasing;;;;;;
558;"64.92.10";2;Realkreditinstitutters aktiviteter;;;;;;
559;"64.92.20";2;Andre kreditinstitutters aktiviteter;;;;;;
560;"64.92.30";2;Andre kreditselskabers aktiviteter;;;;;;
561;"64.99.10";2;Investering for egen regning;;;;;;
562;"64.99.90";2;Anden finansiel formidling i.a.n.;;;;;;
563;"65.11.00";2;Livsforsikring;;;;;;
564;"65.12.00";2;Anden forsikring;;;;;;
565;"65.20.00";2;Genforsikring;;;;;;
566;"65.30.10";2;Pensionskassers aktiviteter;;;;;;
567;"65.30.20";2;Anden pensionsforsikring;;;;;;
568;"66.11.00";2;Forvaltning af kapitalmarkeder;;;;;;
569;"66.12.00";2;Værdipapir- og varemægling;;;;;;
570;"66.19.00";2;Andre aktiviteter i forbindelse med finansielle tjenesteydelser, undtagen forsikring og pensionsforsikring;;;;;;
571;"66.21.00";2;Risiko- og skadesvurdering;;;;;;
572;"66.22.00";2;Forsikringsagenters og forsikringsmægleres aktiviteter;;;;;;
573;"66.29.00";2;Aktiviteter i forbindelse med forsikring og pensionsforsikring i.a.n.;;;;;;
574;"66.30.00";2;Formueforvaltning;;;;;;
575;"M";1;Handel, udlejning og administration af ejendomme;;;;;;
576;"68.11.00";2;Køb og salg af egen fast ejendom;;;;;;
577;"68.12.00";2;Gennemførelse af byggeprojekter;;;;;;
578;"68.20.10";2;Udlejning af almennyttige boliger;;;;;;
579;"68.20.20";2;Udlejning af private andelsboliger;;;;;;
580;"68.20.30";2;Anden udlejning af boliger;;;;;;
581;"68.20.40";2;Udlejning af erhvervsejendomme;;;;;;
582;"68.31.10";2;Ejendomsmægleres aktiviteter;;;;;;
583;"68.31.20";2;Boliganvisning;;;;;;
584;"68.32.10";2;Administration af fast ejendom på kontraktbasis;;;;;;
585;"68.32.20";2;Drift af ejerforeninger;;;;;;
586;"N69-N71";1;Juridisk og virksomhedsrådgivning mv.;;;;;;
587;"69.10.00";2;Juridiske aktiviteter;;;;;;
588;"69.20.00";2;"Bogføring og revision; skatterådgivning";;;;;;
589;"70.10.10";2;Ikke-finansielle hovedsæders aktiviteter;;;;;;
590;"70.10.20";2;Finansielle hovedsæders aktiviteter;;;;;;
591;"70.20.00";2;Virksomhedsrådgivning og anden ledelsesrådgivning;;;;;;
592;"71.11.00";2;Arkitektaktiviteter;;;;;;
593;"71.12.10";2;Rådgivende ingeniøraktiviteter inden for byggeri og anlægsarbejder;;;;;;
594;"71.12.20";2;Rådgivende ingeniøraktiviteter inden for produktions- og maskinteknik;;;;;;
595;"71.12.30";2;Rådgivende ingeniøraktiviteter inden for færdige fabriksanlæg;;;;;;
596;"71.12.40";2;Geologiske undersøgelser og prospektering, landinspektører mv.;;;;;;
597;"71.12.90";2;Anden teknisk rådgivning;;;;;;
598;"71.20.10";2;Kontrol af levnedsmidler;;;;;;
599;"71.20.20";2;Teknisk afprøvning og kontrol;;;;;;
600;"71.20.90";2;Anden måling og teknisk analyse;;;;;;
601;"N72";1;Videnskabelig forskning og udvikling;;;;;;
602;"72.10.00";2;Forskning og eksperimentel udvikling inden for naturvidenskab og teknik;;;;;;
603;"72.20.00";2;Forskning og eksperimentel udvikling inden for samfundsvidenskab og humanistiske videnskaber;;;;;;
604;"N73-N75";1;Reklame, design og anden rådgivning samt dyrlæger;;;;;;
605;"73.11.10";2;Planlægning og design af reklamekampagner;;;;;;
606;"73.11.90";2;Andre reklameaktiviteter;;;;;;
607;"73.12.00";2;Indrykning af reklamer i medier;;;;;;
608;"73.20.00";2;Markedsanalyse og offentlig meningsmåling;;;;;;
609;"73.30.00";2;Public relations og kommunikation;;;;;;
610;"74.11.00";2;Industrielt design og modedesign;;;;;;
611;"74.12.00";2;Grafisk design og visuel kommunikation;;;;;;
612;"74.13.00";2;Indretningsaktiviteter;;;;;;
613;"74.14.00";2;Andet specialiseret designarbejde;;;;;;
614;"74.20.00";2;Fotografiske aktiviteter;;;;;;
615;"74.30.00";2;Oversættelse og tolkning;;;;;;
616;"74.91.00";2;Patentbureauers aktiviteter og tjenesteydelser i forbindelse med markedsføring;;;;;;
617;"74.99.10";2;Landbrugskonsulenters aktiviteter;;;;;;
618;"74.99.90";2;Andre liberale, videnskabelige og tekniske tjenesteydelser i.a.n.;;;;;;
619;"75.00.00";2;Dyrlægeaktiviteter;;;;;;
620;"O";1;Administrations- og støtteaktiviteter;;;;;;
621;"77.11.00";2;Udlejning og leasing af biler og lette motorkøretøjer;;;;;;
622;"77.12.00";2;Udlejning og leasing af lastbiler;;;;;;
623;"77.21.00";2;Udlejning og leasing af varer til fritid og sport;;;;;;
624;"77.22.00";2;Udlejning og leasing af andre varer til personlig brug og husholdningsbrug;;;;;;
625;"77.31.00";2;Udlejning og leasing af landbrugsmaskiner og -udstyr;;;;;;
626;"77.32.00";2;Udlejning og leasing af entreprenørmateriel;;;;;;
627;"77.33.00";2;Udlejning og leasing af kontormaskiner og -udstyr og computere;;;;;;
628;"77.34.00";2;Udlejning og leasing af skibe og både;;;;;;
629;"77.35.00";2;Udlejning og leasing af luftfartøjer;;;;;;
630;"77.39.10";2;Udlejning og leasing af andet materiel, udstyr og andre materielle aktiver til events;;;;;;
631;"77.39.90";2;Udlejning og leasing af andet materiel, udstyr og andre materielle aktiver, bortset fra til events;;;;;;
632;"77.40.00";2;Leasing af intellektuelle ejendomsrettigheder og lignende produkter, dog ikke ophavsretsbeskyttede værker;;;;;;
633;"77.51.00";2;Formidlingsaktiviteter inden for udlejning og leasing af biler, autocampere og påhængsvogne;;;;;;
634;"77.52.00";2;Formidlingsaktiviteter inden for udlejning og leasing af andre materielle aktiver og ikke-finansielle immaterielle aktiver;;;;;;
635;"78.10.00";2;Arbejdsformidlingskontorers aktiviteter;;;;;;
636;"78.20.00";2;Vikarbureauers aktiviteter og anden personaleformidling;;;;;;
637;"79.11.00";2;Rejsebureauers aktiviteter;;;;;;
638;"79.12.00";2;Rejsearrangørers aktiviteter;;;;;;
639;"79.90.00";2;Andre reservationstjenesteydelser og tjenesteydelser i forbindelse hermed;;;;;;
640;"80.01.00";2;Efterforskning og private vagt- og sikkerhedsaktiviteter;;;;;;
641;"80.09.00";2;Vagt- og sikkerhedsaktiviteter i.a.n.;;;;;;
642;"81.10.00";2;Levering af kombinerede hjælpetjenester i forbindelse med drift af fast ejendom;;;;;;
643;"81.21.00";2;Almindelig rengøring i bygninger;;;;;;
644;"81.22.10";2;Vinduespolering;;;;;;
645;"81.22.20";2;Skorstensfejning;;;;;;
646;"81.22.90";2;Anden rengøring af bygninger og rengøring af erhvervslokaler i.a.n.;;;;;;
647;"81.23.00";2;Anden rengøring;;;;;;
648;"81.30.00";2;Landskabspleje;;;;;;
649;"82.10.00";2;Administrations- og kontorserviceaktiviteter;;;;;;
650;"82.20.00";2;Drift af callcentre;;;;;;
651;"82.30.00";2;Organisering af kongresser, messer og udstillinger;;;;;;
652;"82.40.00";2;Formidlingsaktiviteter inden for forretningsservice i.a.n.;;;;;;
653;"82.91.00";2;Inkassoaktiviteter og kreditoplysning;;;;;;
654;"82.92.00";2;Pakkeriaktiviteter;;;;;;
655;"82.99.00";2;Andre forretningsserviceaktiviteter i.a.n.;;;;;;
656;"P";1;Offentlig forvaltning og sikkerhed;;;;;;
657;"84.11.00";2;Generelle offentlige forvaltningsaktiviteter;;;;;;
658;"84.12.00";2;Administration af sundhedsvæsen, undervisning, kultur og sociale forhold;;;;;;
659;"84.13.00";2;Administration af og bidrag til erhvervsfremme;;;;;;
660;"84.21.00";2;Udenrigsanliggender;;;;;;
661;"84.22.00";2;Aktiviteter inden for forsvar;;;;;;
662;"84.23.00";2;Aktiviteter inden for retsvæsen;;;;;;
663;"84.24.00";2;Aktiviteter inden for offentlig sikkerhed og orden;;;;;;
664;"84.25.00";2;Aktiviteter inden for brandvæsen;;;;;;
665;"84.30.00";2;Aktiviteter inden for lovpligtig socialsikring;;;;;;
666;"Q";1;Undervisning;;;;;;
667;"85.10.00";2;Førskoleundervisning;;;;;;
668;"85.20.10";2;Undervisning på almene grundskoler;;;;;;
669;"85.20.20";2;Undervisning på specialskoler for børn med funktionsnedsættelser;;;;;;
670;"85.31.10";2;Undervisning på ungdoms- og efterskoler;;;;;;
671;"85.31.20";2;Undervisning på gymnasier, studenter- og HF-kurser;;;;;;
672;"85.32.00";2;Undervisning på erhvervsfaglige skoler;;;;;;
673;"85.33.00";2;Videregående uddannelse, ikke på universitetsniveau;;;;;;
674;"85.40.00";2;Videregående uddannelse på universitetsniveau;;;;;;
675;"85.51.00";2;Undervisning inden for sport og fritid;;;;;;
676;"85.52.00";2;Undervisning i kulturelle discipliner;;;;;;
677;"85.53.00";2;Drift af køreskoler;;;;;;
678;"85.59.00";2;Anden undervisning i.a.n.;;;;;;
679;"85.61.00";2;Formidlingsaktiviteter i forbindelse med kurser og undervisere;;;;;;
680;"85.69.00";2;Levering af hjælpeydelser i forbindelse med undervisning i.a.n.;;;;;;
681;"R86";1;Sundhedsvæsen;;;;;;
682;"86.10.00";2;Aktiviteter inden for hospitalsvæsen;;;;;;
683;"86.21.00";2;Alment praktiserende lægers aktiviteter;;;;;;
684;"86.22.00";2;Speciallægers aktiviteter;;;;;;
685;"86.23.00";2;Tandlægers aktiviteter;;;;;;
686;"86.91.00";2;Billeddiagnostiske undersøgelser og medicinske laboratorieaktiviteter;;;;;;
687;"86.92.00";2;Patienttransport med ambulance;;;;;;
688;"86.93.00";2;Psykologisk og psykoterapeutisk rådgivning;;;;;;
689;"86.94.00";2;Sundhedspleje, hjemmesygepleje, jordemoderaktiviteter mv.;;;;;;
690;"86.95.00";2;Fysio- og ergoterapi;;;;;;
691;"86.96.00";2;Traditionelle, komplementære og alternative behandlingsformer;;;;;;
692;"86.97.00";2;Formidlingsaktiviteter inden for læge- og tandlægeaktiviteter samt sundhedsvæsen i øvrigt;;;;;;
693;"86.99.00";2;Drift af sundhedsvæsen i øvrigt i.a.n.;;;;;;
694;"R87-R88";1;Socialvæsen;;;;;;
695;"87.10.10";2;Drift af plejehjem;;;;;;
696;"87.10.20";2;Institutionsophold med sygepleje i.a.n.;;;;;;
697;"87.20.10";2;Drift af døgninstitutioner for personer med psykiske handicap;;;;;;
698;"87.20.20";2;Drift af behandlingshjem for stofmisbrugere og alkoholskadede;;;;;;
699;"87.30.10";2;Drift af døgninstitutioner for personer med fysisk handicap;;;;;;
700;"87.30.20";2;Drift af beskyttede boliger o. lign.;;;;;;
701;"87.91.00";2;Formidlingsaktiviteter i forbindelse med institutionsophold;;;;;;
702;"87.99.10";2;Drift af døgninstitutioner for børn og unge;;;;;;
703;"87.99.20";2;Familiepleje;;;;;;
704;"87.99.30";2;Drift af flygtninge- og asylcentre;;;;;;
705;"87.99.90";2;Drift af andre former for institutionsophold;;;;;;
706;"88.10.10";2;Drift af hjemmehjælp;;;;;;
707;"88.10.20";2;Drift af dagcentre mv.;;;;;;
708;"88.10.30";2;Drift af revalideringsinstitutioner;;;;;;
709;"88.91.10";2;Drift af dagpleje;;;;;;
710;"88.91.20";2;Drift af vuggestuer;;;;;;
711;"88.91.30";2;Drift af børnehaver;;;;;;
712;"88.91.40";2;Drift af skolefritidsordninger og fritidshjem;;;;;;
713;"88.91.50";2;Drift af aldersintegrerede institutioner;;;;;;
714;"88.91.60";2;Drift af fritids- og ungdomsklubber;;;;;;
715;"88.99.10";2;Støtteaktiviteter relateret til sygdomsbekæmpende, sociale og velgørende formål;;;;;;
716;"88.99.20";2;Aktiviteter til støtte for flygtninge- og katastrofeofre mv.;;;;;;
717;"88.99.90";2;Andre sociale støtte- og rådgivningsaktiviteter uden institutionsophold;;;;;;
718;"S";1;Kultur, sport og fritid;;;;;;
719;"90.11.00";2;Litteratur- og musikkomposition;;;;;;
720;"90.12.00";2;Billedkunstnerisk skaben;;;;;;
721;"90.13.00";2;Anden kunstnerisk skaben;;;;;;
722;"90.20.10";2;Teater- og koncertproduktioner;;;;;;
723;"90.20.20";2;Selvstændigt udøvende scenekunstnere;;;;;;
724;"90.31.00";2;Drift af teater- og koncertsale, kulturhuse mv.;;;;;;
725;"90.39.10";2;Teknisk planlægning, levering, opsætning og betjening af udstyr til events;;;;;;
726;"90.39.20";2;Levering af andre serviceydelser i forbindelse med kunstnerisk skaben og scenekunst i.a.n.;;;;;;
727;"91.11.00";2;Biblioteksaktiviteter;;;;;;
728;"91.12.00";2;Arkivaktiviteter;;;;;;
729;"91.21.00";2;Museumsaktiviteter og aktiviteter i forbindelse med samlinger;;;;;;
730;"91.22.00";2;Drift og bevarelse af fortidsminder, mindesmærker mv.;;;;;;
731;"91.30.00";2;Konservering, restaurering og andre serviceydelser inden for kulturarv;;;;;;
732;"91.41.00";2;Drift af botaniske og zoologiske haver;;;;;;
733;"91.42.00";2;Drift af naturreservater;;;;;;
734;"92.00.00";2;Lotteri- og andre spilleaktiviteter;;;;;;
735;"93.11.00";2;Drift af sportsanlæg;;;;;;
736;"93.12.00";2;Drift af sportsklubber;;;;;;
737;"93.13.00";2;Drift af fitnesscentre;;;;;;
738;"93.19.00";2;Sportsaktiviteter i.a.n.;;;;;;
739;"93.21.00";2;Drift af forlystelsesparker o.lign.;;;;;;
740;"93.29.10";2;Drift af lystbådehavne;;;;;;
741;"93.29.90";2;Drift af andre forlystelser og fritidsaktiviteter;;;;;;
742;"TUV";1;Organisationer, autoreparation og personlig service;;;;;;
743;"94.11.00";2;Erhvervs- og arbejdsgiverorganisationers aktiviteter;;;;;;
744;"94.12.00";2;Faglige sammenslutningers aktiviteter;;;;;;
745;"94.20.00";2;Fagforeningers aktiviteter;;;;;;
746;"94.91.00";2;Religiøse institutioners og foreningers aktiviteter;;;;;;
747;"94.92.00";2;Politiske partiers aktiviteter;;;;;;
748;"94.99.00";2;Andre organisationers og foreningers aktiviteter i.a.n.;;;;;;
749;"95.10.00";2;Reparation og vedligeholdelse af computere og kommunikationsudstyr;;;;;;
750;"95.21.00";2;Reparation og vedligeholdelse af forbrugerelektronik;;;;;;
751;"95.22.00";2;Reparation og vedligeholdelse af husholdningsapparater og redskaber til hus og have;;;;;;
752;"95.23.00";2;Reparation og vedligeholdelse af fodtøj og lædervarer;;;;;;
753;"95.24.00";2;Reparation og vedligeholdelse af møbler og boligudstyr;;;;;;
754;"95.25.00";2;Reparation og vedligeholdelse af ure og smykker;;;;;;
755;"95.29.00";2;Reparation og vedligeholdelse af varer til personlig brug og husholdningsbrug i.a.n.;;;;;;
756;"95.31.10";2;Dækservice;;;;;;
757;"95.31.20";2;Reparation og lakering af karosseri samt undervognsbehandling;;;;;;
758;"95.31.90";2;Reparation og vedligeholdelse af motorkøretøjer i.a.n.;;;;;;
759;"95.32.00";2;Reparation og vedligeholdelse af motorcykler;;;;;;
760;"95.40.00";2;Formidlingsaktiviteter i forbindelse med reparation og vedligeholdelse af computere, varer til personlig brug og husholdningsbrug samt motorkøretøjer og motorcykler;;;;;;
761;"96.10.10";2;Drift af erhvervs- og institutionsvaskerier;;;;;;
762;"96.10.20";2;Drift af renserier og selvbetjeningsvaskerier mv.;;;;;;
763;"96.21.00";2;Drift af frisør- og barbersaloner;;;;;;
764;"96.22.00";2;Skønhedspleje og anden skønhedsbehandling;;;;;;
765;"96.23.00";2;Drift af dagspa, saunaer og dampbade;;;;;;
766;"96.30.00";2;Drift af bedemandsforretninger og begravelsesvæsen;;;;;;
767;"96.40.00";2;Formidlingsaktiviteter inden for personlige serviceydelser;;;;;;
768;"96.91.00";2;Levering af personlige serviceydelser i hjemmet;;;;;;
769;"96.99.00";2;Andre personlige serviceydelser i.a.n.;;;;;;
770;"97.00.00";2;Aktiviteter i husholdninger med ansat medhjælp;;;;;;
771;"98.10.00";2;Private husholdningers produktion af udifferentierede varer til eget brug;;;;;;
772;"98.20.00";2;Private husholdningers produktion af udifferentierede tjenesteydelser til eget brug;;;;;;
773;"99.00.10";2;Ambassaders eksterritoriale aktivitet;;;;;;
774;"99.00.20";2;Andre eksterritoriale organisationers og organers aktiviteter;;;;;;
