code,title_en
14,' Energia ja teollisuus (smmen)
18,Jalan Perak
19,' Forskning och utveckling (brun)
26,n m Desaix
29,Vanissa Building. 8lh Floor
41,Shenl Street
51,Nine Elms Lane
A,"great variety of subject-matter programmes is offered at this level, some emphasizing more theoretical instruct"
F,;fax (358-9) 1214435
I,3 | Bevölkerung und soziaie Bedincungen
J,_ Statistiche general; (blu)
K,U 9J3 Ottawa. Ontano
N,A C E R e v i
R,i Energia e industria (azzurro)
S,! Miljö (turkos)
